SRC_INDEX,RX_INDEX,CH_GAIN,CH_DELAY,SPREAD
1,48,-58.41,0.6816,0.0520
1,25,-55.98,0.6826,0.0509
1,45,-57.33,0.6822,0.0491
1,38,-56.38,0.6825,0.0516
1,16,-58.94,0.6824,0.0520
1,34,-57.30,0.6825,0.0490
1,44,-59.10,0.6823,0.0223
1,5,-56.73,0.6828,0.0496
1,31,-56.65,0.6828,0.0496
1,32,-59.22,0.6826,0.0492
1,4,-58.56,0.6826,0.0492
1,14,-58.64,0.6827,0.0491
1,21,-61.99,0.7028,0.0321
1,22,-59.67,0.6826,0.0222
1,8,-58.71,0.6828,0.0491
1,18,-56.71,0.6828,0.0516
1,35,-58.67,0.6827,0.0492
1,37,-57.52,0.6828,0.0517
1,1,-58.74,0.6828,0.0491
1,28,-60.77,0.6828,0.0521
1,11,-58.70,0.6828,0.0491
1,3,-59.57,0.6828,0.0492
1,19,-59.21,0.6827,0.0223
1,20,-58.64,0.6829,0.0492
1,49,-59.13,0.6829,0.0492
1,46,-58.72,0.6829,0.0491
1,6,-58.75,0.6830,0.0518
1,24,-58.65,0.6829,0.0492
1,10,-60.89,0.6829,0.0521
1,43,-61.65,0.6829,0.0521
1,47,-58.86,0.6829,0.0492
1,9,-60.09,0.7031,0.0321
1,15,-58.64,0.6830,0.0518
1,36,-62.64,0.6829,0.0522
1,50,-57.02,0.6831,0.0516
1,12,-63.33,0.7031,0.0320
1,26,-60.84,0.6829,0.0521
1,29,-59.19,0.6830,0.0492
1,30,-56.69,0.6832,0.0495
1,42,-55.85,0.6833,0.0514
1,7,-62.11,0.7033,0.0320
1,2,-58.84,0.6832,0.0491
1,17,-57.55,0.6834,0.0516
1,33,-59.51,0.6832,0.0224
1,39,-57.52,0.6835,0.0516
1,23,-59.30,0.6836,0.0518
1,40,-59.61,0.6836,0.0519
1,27,-59.87,0.6836,0.0493
1,41,-62.20,0.7038,0.0320
1,13,-56.21,0.6845,0.0490
2,48,-54.00,0.6829,0.0484
2,25,-58.03,0.6833,0.0503
2,45,-54.31,0.6835,0.0484
2,38,-55.65,0.6837,0.0485
2,16,-54.25,0.6836,0.0483
2,34,-54.68,0.6837,0.0484
2,44,-57.15,0.6836,0.0181
2,5,-60.21,0.6844,0.0496
2,31,-60.18,0.6845,0.0496
2,32,-54.34,0.6838,0.0183
2,4,-54.33,0.6839,0.0483
2,14,-53.85,0.6839,0.0484
2,21,-56.11,0.6838,0.0481
2,22,-55.93,0.6838,0.0181
2,8,-54.30,0.6840,0.0484
2,18,-55.41,0.6840,0.0485
2,35,-54.58,0.6840,0.0183
2,37,-55.10,0.6840,0.0484
2,1,-54.30,0.6840,0.0484
2,28,-55.11,0.6840,0.0182
2,11,-54.13,0.6841,0.0483
2,3,-54.51,0.6840,0.0183
2,19,-56.05,0.6840,0.0181
2,20,-54.70,0.6841,0.0183
2,49,-54.28,0.6841,0.0183
2,46,-53.83,0.6842,0.0484
2,6,-54.28,0.6842,0.0484
2,24,-54.58,0.6842,0.0483
2,10,-55.42,0.6841,0.0182
2,43,-55.83,0.6841,0.0482
2,47,-54.49,0.6842,0.0183
2,9,-55.77,0.6841,0.0481
2,50,-55.11,0.6843,0.0485
2,15,-54.33,0.6842,0.0484
2,36,-56.30,0.6841,0.0482
2,26,-55.33,0.6842,0.0482
2,12,-56.25,0.6841,0.0481
2,29,-54.80,0.6842,0.0183
2,30,-58.30,0.6844,0.0501
2,42,-56.84,0.6845,0.0503
2,7,-56.27,0.6843,0.0481
2,2,-54.70,0.6844,0.0183
2,17,-54.97,0.6846,0.0484
2,33,-57.17,0.6844,0.0021
2,39,-54.87,0.6847,0.0504
2,23,-54.73,0.6848,0.0183
2,40,-54.44,0.6848,0.0183
2,27,-56.13,0.6848,0.0482
2,41,-56.05,0.6848,0.0182
2,13,-57.97,0.6853,0.0500
3,48,-60.84,0.6809,0.0210
3,25,-59.08,0.6813,0.0206
3,45,-60.86,0.6815,0.0209
3,38,-60.46,0.6817,0.0207
3,16,-60.57,0.6817,0.0210
3,34,-60.41,0.6818,0.0208
3,44,-61.23,0.6809,0.0205
3,5,-54.68,0.6999,0.0025
3,31,-54.20,0.6999,0.0025
3,32,-59.83,0.6818,0.0210
3,4,-60.97,0.6819,0.0209
3,14,-61.34,0.6819,0.0209
3,21,-59.95,0.6812,0.0219
3,22,-59.99,0.6811,0.0204
3,8,-61.31,0.6820,0.0209
3,18,-60.18,0.6821,0.0207
3,35,-60.07,0.6820,0.0210
3,37,-60.25,0.6821,0.0208
3,1,-61.19,0.6821,0.0209
3,28,-57.81,0.6813,0.0217
3,11,-60.99,0.6821,0.0209
3,3,-58.69,0.6821,0.0210
3,19,-60.43,0.6813,0.0204
3,20,-59.90,0.6821,0.0210
3,49,-60.20,0.6821,0.0210
3,46,-61.16,0.6822,0.0209
3,6,-60.80,0.6822,0.0208
3,24,-59.68,0.6822,0.0210
3,10,-57.77,0.6815,0.0217
3,43,-57.83,0.6815,0.0218
3,47,-59.15,0.6822,0.0210
3,9,-60.00,0.6814,0.0219
3,50,-60.29,0.6823,0.0207
3,15,-60.73,0.6823,0.0208
3,36,-58.13,0.6815,0.0218
3,26,-57.78,0.6815,0.0217
3,12,-58.74,0.6815,0.0218
3,29,-58.40,0.6815,0.0217
3,30,-60.58,0.6824,0.0205
3,42,-61.79,0.6825,0.0206
3,7,-58.19,0.6817,0.0218
3,2,-60.60,0.6824,0.0209
3,17,-60.23,0.6826,0.0207
3,33,-61.72,0.6817,0.0205
3,39,-60.18,0.6827,0.0207
3,23,-59.94,0.6828,0.0209
3,40,-59.31,0.6829,0.0209
3,27,-58.10,0.6822,0.0217
3,41,-59.12,0.6822,0.0218
3,13,-53.65,0.7011,0.0026
4,48,-54.79,0.6805,0.0441
4,25,-53.75,0.6983,0.0270
4,45,-55.09,0.6811,0.0441
4,38,-55.28,0.6814,0.0442
4,16,-55.19,0.6813,0.0440
4,34,-56.80,0.6814,0.0441
4,44,-57.73,0.7007,0.0024
4,5,-51.91,0.6990,0.0270
4,31,-51.75,0.6991,0.0270
4,32,-55.36,0.6815,0.0440
4,4,-55.12,0.6815,0.0440
4,14,-55.43,0.6815,0.0440
4,21,-58.52,0.6815,0.0438
4,22,-63.04,0.7008,0.0024
4,8,-55.70,0.6816,0.0440
4,18,-54.90,0.6817,0.0442
4,35,-55.04,0.6816,0.0440
4,37,-56.86,0.6817,0.0441
4,1,-56.20,0.6817,0.0440
4,28,-56.65,0.6817,0.0439
4,11,-56.09,0.6817,0.0440
4,3,-55.16,0.6817,0.0440
4,19,-63.17,0.7009,0.0024
4,20,-55.38,0.6818,0.0440
4,49,-55.79,0.6818,0.0440
4,46,-56.32,0.6818,0.0440
4,6,-57.83,0.6818,0.0441
4,24,-55.86,0.6818,0.0440
4,10,-56.64,0.6818,0.0439
4,43,-57.07,0.6818,0.0439
4,47,-55.20,0.6818,0.0440
4,9,-59.77,0.6818,0.0216
4,50,-54.55,0.6819,0.0442
4,15,-57.82,0.6819,0.0441
4,36,-57.38,0.6818,0.0439
4,26,-56.56,0.6818,0.0439
4,12,-58.41,0.6818,0.0438
4,29,-55.24,0.6819,0.0439
4,30,-52.40,0.6994,0.0035
4,42,-54.20,0.6995,0.0036
4,7,-57.51,0.6820,0.0215
4,2,-57.27,0.6821,0.0440
4,17,-54.75,0.6822,0.0441
4,33,-62.23,0.7015,0.0024
4,39,-55.24,0.6824,0.0441
4,23,-59.41,0.6824,0.0440
4,40,-58.16,0.6825,0.0440
4,27,-55.68,0.6825,0.0439
4,41,-57.95,0.6825,0.0215
4,13,-52.14,0.7003,0.0269
5,48,-57.63,0.6817,0.0195
5,25,-54.12,0.6827,0.0202
5,45,-56.94,0.6823,0.0195
5,38,-55.65,0.6825,0.0210
5,16,-57.93,0.6825,0.0173
5,34,-56.19,0.6826,0.0211
5,44,-56.68,0.6824,0.0195
5,5,-56.12,0.6833,0.0201
5,31,-56.34,0.6833,0.0201
5,32,-57.89,0.6826,0.0194
5,4,-57.73,0.6827,0.0195
5,14,-57.17,0.6827,0.0195
5,21,-62.55,0.6826,0.0193
5,22,-58.24,0.6826,0.0194
5,8,-57.10,0.6828,0.0212
5,18,-55.52,0.6829,0.0210
5,35,-57.86,0.6828,0.0194
5,37,-55.74,0.6829,0.0210
5,1,-57.07,0.6829,0.0212
5,28,-58.99,0.6828,0.0193
5,11,-57.21,0.6829,0.0212
5,3,-57.76,0.6829,0.0193
5,19,-57.74,0.6828,0.0195
5,20,-57.78,0.6829,0.0194
5,49,-57.68,0.6829,0.0212
5,46,-56.84,0.6830,0.0211
5,6,-55.94,0.6830,0.0211
5,24,-57.73,0.6830,0.0194
5,10,-59.40,0.6829,0.0193
5,43,-60.43,0.6829,0.0193
5,47,-57.62,0.6830,0.0193
5,9,-59.89,0.6829,0.0194
5,50,-55.55,0.6831,0.0209
5,15,-55.90,0.6831,0.0211
5,36,-60.98,0.6830,0.0193
5,26,-59.44,0.6830,0.0193
5,12,-61.58,0.6829,0.0193
5,29,-57.79,0.6830,0.0193
5,30,-53.63,0.6838,0.0202
5,42,-54.26,0.6833,0.0208
5,7,-61.03,0.6831,0.0193
5,2,-56.66,0.6832,0.0211
5,17,-55.53,0.6834,0.0210
5,33,-57.29,0.6832,0.0196
5,39,-54.82,0.6835,0.0209
5,23,-56.23,0.6836,0.0211
5,40,-56.46,0.6837,0.0212
5,27,-59.70,0.6836,0.0193
5,41,-61.64,0.6836,0.0192
5,13,-56.12,0.6846,0.0201
6,48,-54.36,0.6815,0.0016
6,25,-58.67,0.6819,0.0013
6,45,-56.00,0.6821,0.0016
6,38,-53.58,0.6824,0.0014
6,16,-54.20,0.6824,0.0016
6,34,-55.87,0.6824,0.0015
6,44,-60.96,0.6823,0.0190
6,5,-56.77,0.6826,0.0192
6,31,-56.50,0.6827,0.0192
6,32,-54.53,0.6826,0.0016
6,4,-54.71,0.6825,0.0016
6,14,-54.37,0.6825,0.0016
6,21,-58.21,0.6825,0.0018
6,22,-60.46,0.6825,0.0188
6,8,-54.40,0.6827,0.0016
6,18,-56.71,0.6827,0.0014
6,35,-54.28,0.6827,0.0016
6,37,-55.35,0.6827,0.0014
6,1,-54.44,0.6827,0.0016
6,28,-55.79,0.6827,0.0017
6,11,-54.56,0.6827,0.0016
6,3,-54.53,0.6828,0.0016
6,19,-60.67,0.6827,0.0189
6,20,-54.31,0.6828,0.0016
6,49,-54.36,0.6829,0.0016
6,46,-54.38,0.6828,0.0016
6,6,-54.72,0.6829,0.0015
6,24,-54.35,0.6829,0.0016
6,10,-56.08,0.6828,0.0017
6,43,-57.05,0.6828,0.0017
6,47,-55.10,0.6829,0.0016
6,9,-59.80,0.6828,0.0018
6,50,-53.38,0.6829,0.0014
6,15,-54.39,0.6829,0.0015
6,36,-57.46,0.6829,0.0017
6,26,-56.06,0.6829,0.0017
6,12,-57.83,0.6828,0.0018
6,29,-54.62,0.6829,0.0017
6,30,-58.20,0.6831,0.0193
6,42,-54.65,0.6832,0.0013
6,7,-57.53,0.6830,0.0017
6,2,-54.52,0.6831,0.0016
6,17,-57.75,0.6832,0.0014
6,33,-61.92,0.6831,0.0190
6,39,-53.84,0.6834,0.0014
6,23,-54.78,0.6834,0.0016
6,40,-54.83,0.6836,0.0016
6,27,-56.76,0.6835,0.0017
6,41,-57.83,0.6835,0.0018
6,13,-56.81,0.6839,0.0192
7,48,-58.34,0.6812,0.0487
7,25,-59.97,0.6822,0.0484
7,45,-58.29,0.6818,0.0488
7,38,-56.81,0.6828,0.0482
7,16,-58.30,0.6820,0.0487
7,34,-57.80,0.6821,0.0488
7,44,-58.79,0.6824,0.0459
7,5,-59.84,0.6823,0.0491
7,31,-59.24,0.6823,0.0490
7,32,-58.14,0.6821,0.0487
7,4,-58.18,0.6822,0.0487
7,14,-58.02,0.6822,0.0487
7,21,-61.43,0.6821,0.0466
7,22,-58.27,0.6821,0.0465
7,8,-57.92,0.6823,0.0487
7,18,-56.79,0.6831,0.0482
7,35,-58.21,0.6823,0.0487
7,37,-57.17,0.6832,0.0483
7,1,-57.91,0.6824,0.0487
7,28,-59.18,0.6823,0.0467
7,11,-57.66,0.6824,0.0487
7,3,-58.20,0.6824,0.0486
7,19,-57.93,0.6823,0.0465
7,20,-58.04,0.6824,0.0486
7,49,-58.30,0.6824,0.0487
7,46,-57.63,0.6825,0.0487
7,6,-57.19,0.6825,0.0487
7,24,-58.09,0.6825,0.0486
7,10,-59.34,0.6824,0.0467
7,43,-59.89,0.6824,0.0467
7,47,-58.02,0.6825,0.0486
7,9,-60.97,0.6824,0.0466
7,15,-56.83,0.6826,0.0491
7,50,-57.02,0.6833,0.0482
7,36,-60.51,0.6825,0.0467
7,12,-61.35,0.6824,0.0466
7,26,-59.35,0.6825,0.0467
7,29,-58.73,0.6825,0.0467
7,30,-59.86,0.6833,0.0484
7,42,-59.45,0.6834,0.0483
7,7,-60.28,0.6827,0.0466
7,2,-57.52,0.6827,0.0487
7,17,-56.89,0.6837,0.0482
7,33,-57.88,0.6833,0.0458
7,39,-57.23,0.6838,0.0482
7,23,-57.12,0.6831,0.0492
7,40,-57.39,0.6832,0.0492
7,27,-59.31,0.6831,0.0466
7,41,-60.16,0.6832,0.0466
7,13,-58.08,0.6842,0.0484
8,48,-55.21,0.6806,0.0495
8,25,-58.52,0.6810,0.0489
8,45,-57.87,0.6812,0.0494
8,38,-57.93,0.6821,0.0488
8,16,-55.88,0.6813,0.0495
8,34,-55.41,0.6822,0.0513
8,44,-57.66,0.6813,0.0530
8,5,-56.29,0.6817,0.0207
8,31,-56.25,0.6817,0.0207
8,32,-54.32,0.6815,0.0495
8,4,-54.87,0.6816,0.0495
8,14,-58.12,0.6816,0.0494
8,21,-56.13,0.6815,0.0498
8,22,-56.11,0.6815,0.0528
8,8,-57.68,0.6817,0.0494
8,18,-58.29,0.6824,0.0488
8,35,-55.42,0.6817,0.0495
8,37,-58.38,0.6825,0.0487
8,1,-56.93,0.6817,0.0494
8,28,-55.25,0.6817,0.0496
8,11,-54.62,0.6818,0.0494
8,3,-56.11,0.6817,0.0496
8,19,-55.69,0.6816,0.0528
8,20,-55.47,0.6818,0.0495
8,49,-56.54,0.6818,0.0495
8,46,-55.84,0.6818,0.0494
8,6,-58.57,0.6819,0.0493
8,24,-55.55,0.6819,0.0495
8,10,-55.36,0.6818,0.0496
8,43,-55.52,0.6818,0.0497
8,47,-54.74,0.6819,0.0495
8,9,-56.32,0.6818,0.0499
8,15,-57.83,0.6820,0.0493
8,50,-57.99,0.6827,0.0488
8,36,-55.59,0.6818,0.0497
8,12,-56.19,0.6818,0.0498
8,26,-55.37,0.6819,0.0496
8,29,-56.20,0.6819,0.0496
8,30,-57.37,0.6821,0.0208
8,42,-57.97,0.6822,0.0495
8,7,-56.01,0.6820,0.0497
8,2,-57.40,0.6821,0.0494
8,17,-58.08,0.6830,0.0487
8,33,-55.23,0.6822,0.0529
8,39,-58.02,0.6831,0.0487
8,23,-57.31,0.6825,0.0493
8,40,-54.30,0.6825,0.0494
8,27,-56.15,0.6825,0.0496
8,41,-56.07,0.6825,0.0497
8,13,-57.04,0.6830,0.0496
9,48,-56.02,0.6812,0.0518
9,25,-53.75,0.6816,0.0512
9,45,-53.80,0.6818,0.0516
9,38,-53.96,0.6820,0.0514
9,16,-55.20,0.6820,0.0518
9,34,-53.46,0.6820,0.0516
9,44,-59.95,0.6824,0.0518
9,5,-53.36,0.6823,0.0494
9,31,-53.38,0.6823,0.0494
9,32,-55.11,0.6821,0.0518
9,4,-55.08,0.6822,0.0517
9,14,-54.27,0.6822,0.0517
9,21,-55.31,0.6821,0.0521
9,22,-56.35,0.6827,0.0492
9,8,-54.34,0.6823,0.0516
9,18,-53.87,0.6823,0.0514
9,35,-55.22,0.6823,0.0517
9,37,-54.22,0.6823,0.0515
9,1,-54.40,0.6824,0.0516
9,28,-55.30,0.6823,0.0519
9,11,-54.17,0.6824,0.0517
9,3,-55.05,0.6824,0.0518
9,19,-57.63,0.6828,0.0493
9,20,-54.98,0.6824,0.0517
9,49,-54.92,0.6824,0.0517
9,46,-54.41,0.6825,0.0516
9,6,-54.15,0.6825,0.0515
9,24,-54.85,0.6825,0.0517
9,10,-55.09,0.6825,0.0495
9,43,-55.74,0.6825,0.0519
9,47,-55.00,0.6825,0.0518
9,9,-55.60,0.6830,0.0516
9,50,-53.76,0.6826,0.0514
9,15,-53.78,0.6825,0.0516
9,36,-55.55,0.6825,0.0495
9,26,-54.98,0.6825,0.0519
9,12,-55.44,0.6825,0.0496
9,29,-54.93,0.6825,0.0518
9,30,-54.21,0.6827,0.0511
9,42,-54.65,0.6828,0.0512
9,7,-55.51,0.6827,0.0495
9,2,-54.37,0.6828,0.0516
9,17,-53.54,0.6829,0.0514
9,33,-59.31,0.6829,0.0522
9,39,-53.89,0.6830,0.0513
9,23,-54.29,0.6831,0.0516
9,40,-54.45,0.6832,0.0516
9,27,-54.97,0.6832,0.0518
9,41,-55.83,0.6832,0.0496
9,13,-54.65,0.6836,0.0493
10,48,-57.31,0.6814,0.0194
10,25,-58.52,0.6819,0.0500
10,45,-56.55,0.6820,0.0193
10,38,-55.87,0.6822,0.0191
10,16,-56.84,0.6822,0.0497
10,34,-55.35,0.6823,0.0192
10,44,-54.91,0.6821,0.0494
10,5,-55.12,0.6826,0.0188
10,31,-54.45,0.6826,0.0500
10,32,-57.00,0.6824,0.0497
10,4,-57.04,0.6824,0.0497
10,14,-56.64,0.6824,0.0193
10,21,-55.35,0.6824,0.0495
10,22,-56.50,0.6823,0.0495
10,8,-56.68,0.6825,0.0497
10,18,-55.49,0.6826,0.0191
10,35,-56.87,0.6825,0.0497
10,37,-55.27,0.6826,0.0521
10,1,-56.73,0.6826,0.0497
10,28,-55.87,0.6826,0.0496
10,11,-56.55,0.6826,0.0497
10,3,-55.89,0.6826,0.0496
10,19,-55.56,0.6825,0.0494
10,20,-56.90,0.6826,0.0497
10,49,-56.77,0.6827,0.0497
10,46,-55.86,0.6827,0.0497
10,6,-55.71,0.6827,0.0497
10,24,-56.89,0.6827,0.0497
10,10,-55.82,0.6827,0.0496
10,43,-54.67,0.6827,0.0496
10,47,-56.63,0.6827,0.0496
10,9,-56.27,0.6826,0.0495
10,50,-56.54,0.6828,0.0520
10,15,-55.36,0.6828,0.0497
10,36,-54.87,0.6827,0.0496
10,26,-55.83,0.6827,0.0496
10,12,-55.29,0.6827,0.0495
10,29,-56.03,0.6828,0.0496
10,30,-56.28,0.6830,0.0189
10,42,-59.07,0.6832,0.0189
10,7,-54.94,0.6829,0.0495
10,2,-56.34,0.6830,0.0497
10,17,-55.51,0.6831,0.0520
10,33,-55.18,0.6829,0.0493
10,39,-56.52,0.6833,0.0520
10,23,-56.11,0.6833,0.0497
10,40,-55.99,0.6834,0.0497
10,27,-56.00,0.6834,0.0495
10,41,-55.09,0.6834,0.0495
10,13,-53.80,0.6839,0.0188
11,48,-56.13,0.6824,0.0477
11,25,-56.93,0.6819,0.0480
11,45,-56.69,0.6830,0.0475
11,38,-56.97,0.6823,0.0482
11,16,-57.85,0.6831,0.0477
11,34,-56.71,0.6832,0.0474
11,44,-57.44,0.6824,0.0490
11,5,-56.17,0.6825,0.0478
11,31,-56.36,0.6826,0.0478
11,32,-56.30,0.6833,0.0477
11,4,-57.74,0.6834,0.0476
11,14,-57.74,0.6834,0.0476
11,21,-55.67,0.6833,0.0480
11,22,-55.91,0.6833,0.0482
11,8,-57.70,0.6835,0.0476
11,18,-57.46,0.6827,0.0482
11,35,-57.82,0.6835,0.0477
11,37,-56.23,0.6827,0.0483
11,1,-57.66,0.6835,0.0476
11,28,-55.98,0.6835,0.0478
11,11,-57.53,0.6836,0.0476
11,3,-56.51,0.6835,0.0477
11,19,-55.66,0.6834,0.0482
11,20,-57.76,0.6836,0.0477
11,49,-57.92,0.6836,0.0476
11,46,-57.55,0.6837,0.0475
11,6,-56.78,0.6837,0.0475
11,24,-57.75,0.6837,0.0477
11,10,-55.87,0.6836,0.0478
11,43,-55.56,0.6836,0.0478
11,47,-57.96,0.6837,0.0477
11,9,-55.42,0.6836,0.0480
11,50,-57.51,0.6829,0.0482
11,15,-57.09,0.6837,0.0474
11,36,-55.30,0.6836,0.0479
11,26,-55.90,0.6837,0.0478
11,12,-54.94,0.6836,0.0479
11,29,-56.39,0.6837,0.0477
11,30,-57.35,0.6830,0.0479
11,42,-57.25,0.6831,0.0480
11,7,-55.21,0.6838,0.0479
11,2,-58.04,0.6839,0.0475
11,17,-56.89,0.6832,0.0482
11,33,-55.72,0.6832,0.0490
11,39,-57.26,0.6833,0.0481
11,23,-57.61,0.6843,0.0475
11,40,-57.84,0.6843,0.0475
11,27,-57.02,0.6843,0.0478
11,41,-55.57,0.6843,0.0479
11,13,-58.18,0.6839,0.0185
12,48,-55.89,0.6813,0.0211
12,25,-52.85,0.6817,0.0206
12,45,-56.19,0.6819,0.0210
12,38,-54.94,0.6821,0.0208
12,16,-56.31,0.6821,0.0211
12,34,-56.24,0.6822,0.0209
12,44,-57.76,0.6820,0.0486
12,5,-54.46,0.6824,0.0205
12,31,-54.54,0.6824,0.0205
12,32,-55.38,0.6823,0.0211
12,4,-56.42,0.6823,0.0210
12,14,-57.05,0.6823,0.0210
12,21,-55.95,0.6823,0.0488
12,22,-56.42,0.6822,0.0487
12,8,-56.44,0.6824,0.0210
12,18,-54.90,0.6825,0.0208
12,35,-55.99,0.6824,0.0211
12,37,-56.10,0.6825,0.0209
12,1,-56.32,0.6825,0.0210
12,28,-54.72,0.6824,0.0212
12,11,-56.10,0.6825,0.0210
12,3,-55.38,0.6825,0.0211
12,19,-56.03,0.6824,0.0487
12,20,-55.93,0.6825,0.0211
12,49,-56.36,0.6825,0.0211
12,46,-56.58,0.6826,0.0210
12,6,-56.66,0.6826,0.0209
12,24,-55.91,0.6826,0.0211
12,10,-54.71,0.6826,0.0212
12,43,-55.29,0.6826,0.0212
12,47,-54.99,0.6826,0.0211
12,9,-56.07,0.6825,0.0487
12,50,-54.52,0.6827,0.0208
12,15,-56.59,0.6827,0.0209
12,36,-55.50,0.6826,0.0488
12,26,-54.72,0.6826,0.0212
12,12,-55.68,0.6826,0.0488
12,29,-55.69,0.6826,0.0211
12,30,-53.30,0.6828,0.0206
12,42,-53.05,0.6829,0.0207
12,7,-55.34,0.6828,0.0488
12,2,-56.62,0.6829,0.0210
12,17,-54.50,0.6830,0.0208
12,33,-57.36,0.6829,0.0216
12,39,-54.54,0.6832,0.0208
12,23,-56.65,0.6832,0.0210
12,40,-56.68,0.6833,0.0210
12,27,-54.87,0.6833,0.0488
12,41,-55.70,0.6833,0.0487
12,13,-53.33,0.6837,0.0205
13,48,-56.16,0.6820,0.0485
13,25,-58.75,0.6820,0.0497
13,45,-55.39,0.6826,0.0483
13,38,-57.75,0.6824,0.0485
13,16,-55.62,0.6828,0.0485
13,34,-55.92,0.6829,0.0200
13,44,-60.42,0.6827,0.0491
13,5,-58.96,0.6827,0.0495
13,31,-58.76,0.6828,0.0495
13,32,-55.90,0.6830,0.0485
13,4,-55.82,0.6830,0.0484
13,14,-55.23,0.6830,0.0484
13,21,-58.08,0.6829,0.0488
13,22,-56.80,0.6829,0.0489
13,8,-55.39,0.6831,0.0201
13,18,-56.88,0.6832,0.0495
13,35,-55.76,0.6831,0.0485
13,37,-56.97,0.6832,0.0482
13,1,-55.46,0.6832,0.0201
13,28,-56.73,0.6831,0.0486
13,11,-55.73,0.6832,0.0201
13,3,-56.32,0.6832,0.0485
13,19,-57.69,0.6831,0.0490
13,20,-55.81,0.6832,0.0485
13,49,-55.62,0.6832,0.0484
13,46,-55.53,0.6833,0.0201
13,6,-56.04,0.6833,0.0200
13,24,-55.68,0.6833,0.0485
13,10,-56.70,0.6833,0.0486
13,43,-56.96,0.6833,0.0486
13,47,-56.29,0.6833,0.0485
13,9,-57.74,0.6832,0.0488
13,50,-58.42,0.6834,0.0495
13,15,-56.15,0.6834,0.0482
13,36,-56.95,0.6833,0.0487
13,26,-56.67,0.6833,0.0486
13,12,-57.80,0.6833,0.0487
13,29,-56.42,0.6833,0.0485
13,30,-57.81,0.6831,0.0496
13,42,-57.96,0.6832,0.0497
13,7,-56.94,0.6835,0.0487
13,2,-55.48,0.6836,0.0201
13,17,-57.11,0.6837,0.0495
13,33,-58.69,0.6835,0.0491
13,39,-58.35,0.6839,0.0495
13,23,-55.63,0.6839,0.0201
13,40,-55.94,0.6840,0.0201
13,27,-57.28,0.6840,0.0486
13,41,-56.51,0.6840,0.0487
13,13,-58.42,0.6840,0.0480
14,48,-58.48,0.6822,0.0472
14,25,-56.50,0.6826,0.0192
14,45,-58.51,0.6828,0.0473
14,38,-61.05,0.6831,0.0473
14,16,-59.09,0.6830,0.0472
14,34,-61.32,0.6831,0.0473
14,44,-57.68,0.6829,0.0212
14,5,-54.28,0.6833,0.0203
14,31,-54.23,0.6834,0.0203
14,32,-58.47,0.6832,0.0472
14,4,-58.77,0.6832,0.0472
14,14,-59.24,0.6833,0.0472
14,21,-54.93,0.6832,0.0210
14,22,-55.06,0.6832,0.0211
14,8,-58.98,0.6834,0.0472
14,18,-62.16,0.6834,0.0473
14,35,-58.82,0.6833,0.0472
14,37,-60.58,0.6834,0.0473
14,1,-58.78,0.6834,0.0472
14,28,-58.01,0.6834,0.0471
14,11,-58.14,0.6834,0.0472
14,3,-58.08,0.6834,0.0471
14,19,-55.77,0.6833,0.0212
14,20,-58.66,0.6835,0.0471
14,49,-58.96,0.6835,0.0471
14,46,-60.09,0.6835,0.0472
14,6,-58.36,0.6836,0.0472
14,24,-58.64,0.6835,0.0471
14,10,-57.82,0.6835,0.0471
14,43,-56.43,0.6835,0.0470
14,47,-58.21,0.6835,0.0471
14,9,-54.35,0.6835,0.0469
14,50,-61.27,0.6837,0.0473
14,15,-58.32,0.6836,0.0472
14,36,-56.11,0.6835,0.0470
14,26,-57.79,0.6835,0.0471
14,12,-55.19,0.6835,0.0210
14,29,-57.93,0.6836,0.0471
14,30,-55.28,0.6838,0.0204
14,42,-57.44,0.6839,0.0474
14,7,-56.20,0.6837,0.0210
14,2,-58.84,0.6838,0.0472
14,17,-60.17,0.6839,0.0473
14,33,-60.37,0.6838,0.0213
14,39,-61.09,0.6841,0.0473
14,23,-58.69,0.6841,0.0471
14,40,-59.28,0.6842,0.0471
14,27,-56.52,0.6842,0.0470
14,41,-55.03,0.6842,0.0469
14,13,-55.76,0.6846,0.0203
15,48,-58.53,0.6814,0.0494
15,25,-57.94,0.6819,0.0468
15,45,-57.80,0.6820,0.0492
15,38,-54.96,0.6829,0.0483
15,16,-58.86,0.6822,0.0494
15,34,-55.95,0.6823,0.0492
15,44,-54.87,0.6821,0.0500
15,5,-56.69,0.6826,0.0469
15,31,-56.91,0.6826,0.0469
15,32,-58.65,0.6824,0.0494
15,4,-59.01,0.6824,0.0493
15,14,-58.29,0.6824,0.0493
15,21,-55.85,0.6824,0.0497
15,22,-54.54,0.6823,0.0498
15,8,-58.75,0.6825,0.0493
15,18,-54.90,0.6833,0.0483
15,35,-58.85,0.6825,0.0494
15,37,-55.05,0.6826,0.0467
15,1,-58.18,0.6826,0.0493
15,28,-56.31,0.6825,0.0495
15,11,-58.39,0.6826,0.0493
15,3,-57.86,0.6826,0.0494
15,19,-54.45,0.6825,0.0499
15,20,-58.60,0.6826,0.0494
15,49,-59.31,0.6826,0.0493
15,46,-57.32,0.6827,0.0492
15,6,-56.16,0.6827,0.0492
15,24,-58.54,0.6827,0.0494
15,10,-56.25,0.6827,0.0495
15,43,-55.75,0.6827,0.0495
15,47,-58.36,0.6827,0.0494
15,9,-55.70,0.6826,0.0497
15,50,-55.51,0.6835,0.0483
15,15,-55.92,0.6828,0.0491
15,36,-55.42,0.6827,0.0496
15,26,-56.27,0.6827,0.0495
15,12,-55.88,0.6827,0.0496
15,29,-57.82,0.6827,0.0494
15,30,-56.37,0.6830,0.0468
15,42,-58.54,0.6832,0.0467
15,7,-55.51,0.6829,0.0496
15,2,-57.56,0.6830,0.0492
15,17,-55.09,0.6831,0.0490
15,33,-54.80,0.6830,0.0500
15,39,-56.02,0.6833,0.0489
15,23,-56.89,0.6833,0.0466
15,40,-57.32,0.6834,0.0492
15,27,-57.03,0.6834,0.0495
15,41,-54.75,0.6834,0.0496
15,13,-57.06,0.6839,0.0468
16,48,-55.79,0.6809,0.0211
16,25,-57.02,0.6815,0.0485
16,45,-56.28,0.6815,0.0210
16,38,-57.81,0.6824,0.0478
16,16,-55.56,0.6816,0.0211
16,34,-56.74,0.6822,0.0205
16,44,-55.66,0.6813,0.0489
16,5,-57.66,0.6821,0.0486
16,31,-57.55,0.6821,0.0486
16,32,-55.49,0.6818,0.0211
16,4,-55.60,0.6819,0.0211
16,14,-55.45,0.6819,0.0210
16,21,-55.84,0.6818,0.0482
16,22,-55.23,0.6818,0.0194
16,8,-55.38,0.6820,0.0210
16,18,-57.18,0.6825,0.0204
16,35,-55.57,0.6820,0.0211
16,37,-56.90,0.6825,0.0205
16,1,-55.32,0.6820,0.0210
16,28,-55.22,0.6820,0.0212
16,11,-55.80,0.6821,0.0211
16,3,-56.09,0.6820,0.0212
16,19,-58.26,0.6817,0.0196
16,20,-55.59,0.6821,0.0211
16,49,-55.80,0.6821,0.0211
16,46,-55.58,0.6822,0.0210
16,6,-55.82,0.6822,0.0210
16,24,-55.84,0.6822,0.0211
16,10,-55.27,0.6821,0.0212
16,43,-54.96,0.6821,0.0212
16,47,-55.94,0.6822,0.0211
16,9,-55.67,0.6821,0.0214
16,50,-57.30,0.6830,0.0201
16,15,-55.68,0.6822,0.0210
16,36,-54.89,0.6821,0.0482
16,26,-55.24,0.6821,0.0212
16,12,-55.66,0.6821,0.0213
16,29,-55.49,0.6822,0.0212
16,30,-56.84,0.6826,0.0484
16,42,-57.83,0.6828,0.0483
16,7,-54.83,0.6823,0.0482
16,2,-55.14,0.6824,0.0210
16,17,-56.94,0.6833,0.0202
16,33,-56.67,0.6821,0.0196
16,39,-56.59,0.6834,0.0477
16,23,-55.16,0.6828,0.0210
16,40,-55.93,0.6828,0.0483
16,27,-54.77,0.6828,0.0482
16,41,-57.05,0.6828,0.0213
16,13,-56.42,0.6834,0.0013
17,48,-54.22,0.6814,0.0217
17,25,-53.03,0.6824,0.0207
17,45,-54.96,0.6820,0.0216
17,38,-54.16,0.6823,0.0215
17,16,-53.24,0.6822,0.0217
17,34,-55.08,0.6823,0.0216
17,44,-58.84,0.6822,0.0222
17,5,-52.66,0.6830,0.0207
17,31,-52.70,0.6831,0.0207
17,32,-54.47,0.6824,0.0217
17,4,-53.27,0.6824,0.0217
17,14,-54.25,0.6825,0.0216
17,21,-54.83,0.6824,0.0219
17,22,-58.47,0.6824,0.0220
17,8,-54.03,0.6826,0.0216
17,18,-55.44,0.6826,0.0215
17,35,-52.80,0.6825,0.0217
17,37,-55.28,0.6826,0.0215
17,1,-53.79,0.6826,0.0216
17,28,-53.61,0.6826,0.0218
17,11,-54.18,0.6826,0.0217
17,3,-53.46,0.6826,0.0218
17,19,-58.98,0.6825,0.0221
17,20,-53.01,0.6827,0.0217
17,49,-53.68,0.6827,0.0217
17,46,-54.02,0.6827,0.0216
17,6,-54.08,0.6828,0.0216
17,24,-53.67,0.6827,0.0217
17,10,-53.97,0.6827,0.0218
17,43,-54.21,0.6827,0.0218
17,47,-52.70,0.6827,0.0217
17,9,-56.98,0.6827,0.0220
17,50,-54.99,0.6829,0.0214
17,15,-54.21,0.6828,0.0216
17,36,-54.41,0.6827,0.0219
17,26,-53.98,0.6827,0.0218
17,12,-54.98,0.6827,0.0219
17,29,-52.86,0.6828,0.0218
17,30,-53.76,0.6835,0.0208
17,42,-53.90,0.6831,0.0214
17,7,-54.74,0.6829,0.0219
17,2,-54.05,0.6830,0.0216
17,17,-55.63,0.6831,0.0215
17,33,-59.59,0.6830,0.0487
17,39,-55.32,0.6833,0.0214
17,23,-53.91,0.6833,0.0216
17,40,-53.73,0.6834,0.0217
17,27,-54.14,0.6834,0.0218
17,41,-57.02,0.6834,0.0219
17,13,-54.56,0.6843,0.0207
18,48,-58.61,0.6830,0.0488
18,25,-60.47,0.6831,0.0493
18,45,-58.35,0.6835,0.0489
18,38,-58.95,0.6836,0.0490
18,16,-58.58,0.6838,0.0487
18,34,-57.98,0.6838,0.0185
18,44,-58.20,0.6828,0.0463
18,5,-60.80,0.6837,0.0494
18,31,-60.88,0.6837,0.0494
18,32,-58.48,0.6839,0.0487
18,4,-59.44,0.6840,0.0487
18,14,-58.88,0.6840,0.0488
18,21,-57.77,0.6831,0.0495
18,22,-57.58,0.6831,0.0496
18,8,-58.85,0.6841,0.0488
18,18,-58.80,0.6840,0.0186
18,35,-58.55,0.6841,0.0487
18,37,-58.05,0.6840,0.0185
18,1,-58.66,0.6841,0.0488
18,28,-57.77,0.6833,0.0495
18,11,-58.87,0.6841,0.0487
18,3,-58.21,0.6842,0.0486
18,19,-57.92,0.6832,0.0497
18,20,-58.54,0.6842,0.0487
18,49,-59.56,0.6842,0.0487
18,46,-58.28,0.6842,0.0488
18,6,-57.72,0.6842,0.0488
18,24,-58.53,0.6843,0.0487
18,10,-57.77,0.6834,0.0494
18,43,-57.16,0.6834,0.0493
18,47,-58.45,0.6843,0.0486
18,9,-57.97,0.6834,0.0495
18,50,-59.22,0.6842,0.0490
18,15,-57.67,0.6843,0.0488
18,36,-57.37,0.6834,0.0494
18,26,-57.76,0.6834,0.0494
18,12,-57.66,0.6834,0.0494
18,29,-58.08,0.6844,0.0486
18,30,-60.56,0.6842,0.0493
18,42,-61.80,0.6844,0.0492
18,7,-57.39,0.6836,0.0493
18,2,-58.32,0.6845,0.0458
18,17,-58.77,0.6845,0.0490
18,33,-57.87,0.6837,0.0462
18,39,-59.16,0.6847,0.0490
18,23,-57.89,0.6848,0.0487
18,40,-58.35,0.6849,0.0487
18,27,-57.33,0.6841,0.0464
18,41,-58.70,0.6841,0.0494
18,13,-62.25,0.6850,0.0493
19,48,-56.56,0.6817,0.0490
19,25,-56.43,0.6829,0.0501
19,45,-57.84,0.6823,0.0513
19,38,-58.04,0.6825,0.0511
19,16,-56.88,0.6825,0.0515
19,34,-58.70,0.6826,0.0513
19,44,-59.73,0.6824,0.0521
19,5,-55.71,0.6836,0.0483
19,31,-56.13,0.6836,0.0483
19,32,-56.79,0.6827,0.0515
19,4,-57.44,0.6827,0.0514
19,14,-57.12,0.6827,0.0514
19,21,-56.79,0.6826,0.0493
19,22,-57.93,0.6826,0.0519
19,8,-57.63,0.6828,0.0514
19,18,-57.62,0.6829,0.0511
19,35,-57.40,0.6828,0.0515
19,37,-57.63,0.6829,0.0512
19,1,-58.23,0.6829,0.0514
19,28,-56.36,0.6828,0.0491
19,11,-57.77,0.6829,0.0514
19,3,-56.78,0.6829,0.0515
19,19,-58.64,0.6828,0.0520
19,20,-57.45,0.6829,0.0515
19,49,-57.71,0.6829,0.0514
19,46,-57.79,0.6830,0.0513
19,6,-57.64,0.6830,0.0513
19,24,-57.48,0.6830,0.0515
19,10,-56.57,0.6830,0.0491
19,43,-56.38,0.6830,0.0492
19,47,-57.58,0.6830,0.0515
19,9,-57.17,0.6829,0.0494
19,50,-57.14,0.6831,0.0511
19,15,-56.86,0.6831,0.0513
19,36,-56.31,0.6830,0.0492
19,26,-56.56,0.6830,0.0491
19,12,-56.69,0.6830,0.0493
19,29,-56.87,0.6830,0.0515
19,30,-57.21,0.6840,0.0474
19,42,-57.11,0.6841,0.0501
19,7,-56.35,0.6832,0.0492
19,2,-56.98,0.6833,0.0513
19,17,-57.71,0.6834,0.0488
19,33,-59.46,0.6832,0.0521
19,39,-57.41,0.6836,0.0510
19,23,-56.59,0.6836,0.0513
19,40,-58.61,0.6837,0.0513
19,27,-57.04,0.6837,0.0491
19,41,-56.66,0.6837,0.0493
19,13,-56.67,0.6849,0.0472
20,48,-56.96,0.6817,0.0487
20,25,-58.08,0.6818,0.0190
20,45,-58.55,0.6822,0.0486
20,38,-61.63,0.6824,0.0203
20,16,-56.16,0.6825,0.0487
20,34,-59.96,0.6825,0.0486
20,44,-58.76,0.6826,0.0207
20,5,-57.57,0.6825,0.0201
20,31,-57.64,0.6825,0.0201
20,32,-57.99,0.6827,0.0487
20,4,-56.65,0.6827,0.0487
20,14,-57.88,0.6827,0.0486
20,21,-58.95,0.6828,0.0489
20,22,-58.79,0.6828,0.0490
20,8,-57.58,0.6828,0.0486
20,18,-61.58,0.6827,0.0183
20,35,-56.58,0.6828,0.0487
20,37,-62.16,0.6828,0.0203
20,1,-57.39,0.6828,0.0486
20,28,-56.08,0.6829,0.0488
20,11,-58.58,0.6829,0.0487
20,3,-57.08,0.6829,0.0487
20,19,-59.76,0.6830,0.0206
20,20,-56.72,0.6829,0.0487
20,49,-56.87,0.6829,0.0487
20,46,-58.31,0.6829,0.0486
20,6,-59.58,0.6829,0.0486
20,24,-56.75,0.6830,0.0487
20,10,-56.19,0.6830,0.0488
20,43,-57.20,0.6830,0.0488
20,47,-56.24,0.6830,0.0487
20,9,-58.05,0.6831,0.0489
20,50,-60.24,0.6830,0.0183
20,15,-60.29,0.6830,0.0486
20,36,-56.95,0.6831,0.0488
20,26,-56.37,0.6830,0.0488
20,12,-58.20,0.6831,0.0488
20,29,-56.49,0.6831,0.0487
20,30,-59.13,0.6830,0.0201
20,42,-60.46,0.6831,0.0202
20,7,-56.22,0.6833,0.0488
20,2,-58.47,0.6832,0.0486
20,17,-60.55,0.6833,0.0183
20,33,-58.10,0.6834,0.0207
20,39,-59.84,0.6834,0.0183
20,23,-59.12,0.6836,0.0204
20,40,-58.59,0.6837,0.0204
20,27,-56.56,0.6837,0.0487
20,41,-55.81,0.6838,0.0488
20,13,-59.63,0.6838,0.0201
21,48,-54.75,0.6820,0.0469
21,25,-55.35,0.6820,0.0449
21,45,-54.02,0.6825,0.0469
21,38,-54.50,0.6826,0.0446
21,16,-56.84,0.6827,0.0469
21,34,-53.70,0.6827,0.0445
21,44,-55.60,0.6817,0.0485
21,5,-56.79,0.6826,0.0451
21,31,-56.60,0.6827,0.0451
21,32,-58.13,0.6829,0.0469
21,4,-56.55,0.6829,0.0469
21,14,-55.41,0.6829,0.0469
21,21,-58.97,0.6830,0.0471
21,22,-57.55,0.6828,0.0475
21,8,-55.53,0.6830,0.0469
21,18,-54.74,0.6830,0.0446
21,35,-58.22,0.6831,0.0469
21,37,-53.83,0.6830,0.0445
21,1,-55.62,0.6831,0.0469
21,28,-61.08,0.6833,0.0469
21,11,-56.24,0.6831,0.0469
21,3,-60.06,0.6833,0.0468
21,19,-56.36,0.6821,0.0483
21,20,-58.73,0.6832,0.0469
21,49,-58.32,0.6832,0.0469
21,46,-55.22,0.6832,0.0444
21,6,-54.36,0.6832,0.0444
21,24,-59.02,0.6833,0.0469
21,10,-60.80,0.6834,0.0469
21,43,-59.43,0.6834,0.0469
21,47,-60.09,0.6833,0.0469
21,9,-58.40,0.6831,0.0474
21,50,-54.85,0.6832,0.0446
21,15,-54.38,0.6832,0.0444
21,36,-58.89,0.6834,0.0469
21,26,-60.86,0.6834,0.0469
21,12,-59.38,0.6833,0.0470
21,29,-59.99,0.6834,0.0468
21,30,-54.92,0.6832,0.0449
21,42,-54.18,0.6833,0.0448
21,7,-59.54,0.6836,0.0469
21,2,-56.18,0.6835,0.0443
21,17,-54.06,0.6835,0.0445
21,33,-54.74,0.6826,0.0485
21,39,-54.09,0.6836,0.0446
21,23,-57.05,0.6838,0.0443
21,40,-58.68,0.6839,0.0178
21,27,-61.70,0.6841,0.0468
21,41,-60.94,0.6838,0.0472
21,13,-54.67,0.6840,0.0449
22,48,-54.46,0.6810,0.0489
22,25,-55.26,0.6814,0.0483
22,45,-51.51,0.6816,0.0487
22,38,-52.95,0.6818,0.0485
22,16,-52.81,0.6817,0.0488
22,34,-52.70,0.6819,0.0486
22,44,-57.48,0.6824,0.0208
22,5,-56.33,0.6820,0.0481
22,31,-56.24,0.6821,0.0481
22,32,-53.34,0.6819,0.0488
22,4,-53.68,0.6820,0.0488
22,14,-52.48,0.6820,0.0487
22,21,-56.27,0.6819,0.0491
22,22,-60.33,0.6819,0.0213
22,8,-52.02,0.6821,0.0487
22,18,-53.11,0.6821,0.0485
22,35,-52.76,0.6821,0.0488
22,37,-51.27,0.6821,0.0486
22,1,-51.35,0.6822,0.0487
22,28,-53.93,0.6821,0.0489
22,11,-52.29,0.6822,0.0487
22,3,-53.10,0.6822,0.0489
22,19,-61.59,0.6828,0.0207
22,20,-52.46,0.6822,0.0488
22,49,-52.70,0.6822,0.0488
22,46,-53.10,0.6823,0.0487
22,6,-51.01,0.6823,0.0486
22,24,-52.46,0.6823,0.0488
22,10,-54.24,0.6823,0.0489
22,43,-54.44,0.6822,0.0490
22,47,-53.87,0.6823,0.0488
22,9,-57.37,0.6822,0.0212
22,50,-54.54,0.6824,0.0485
22,15,-52.82,0.6823,0.0486
22,36,-55.14,0.6823,0.0490
22,26,-54.29,0.6823,0.0489
22,12,-55.74,0.6822,0.0491
22,29,-53.62,0.6823,0.0489
22,30,-57.82,0.6825,0.0482
22,42,-56.42,0.6832,0.0477
22,7,-55.21,0.6825,0.0490
22,2,-52.02,0.6825,0.0487
22,17,-53.19,0.6827,0.0485
22,33,-57.30,0.6832,0.0208
22,39,-53.69,0.6828,0.0484
22,23,-51.58,0.6829,0.0487
22,40,-52.94,0.6830,0.0487
22,27,-54.93,0.6829,0.0489
22,41,-56.29,0.6830,0.0490
22,13,-58.06,0.6834,0.0192
23,48,-59.12,0.6809,0.0512
23,25,-52.31,0.6804,0.0213
23,45,-55.48,0.6814,0.0511
23,38,-53.21,0.6816,0.0455
23,16,-59.40,0.6817,0.0512
23,34,-55.60,0.6817,0.0510
23,44,-59.27,0.6819,0.0515
23,5,-51.91,0.6811,0.0464
23,31,-52.06,0.6812,0.0464
23,32,-59.01,0.6819,0.0512
23,4,-58.24,0.6819,0.0511
23,14,-57.57,0.6819,0.0511
23,21,-58.89,0.6820,0.0513
23,22,-58.62,0.6820,0.0480
23,8,-57.46,0.6820,0.0511
23,18,-53.71,0.6819,0.0509
23,35,-59.04,0.6820,0.0511
23,37,-54.07,0.6820,0.0510
23,1,-57.33,0.6820,0.0511
23,28,-60.45,0.6821,0.0512
23,11,-57.04,0.6821,0.0511
23,3,-60.57,0.6821,0.0512
23,19,-58.76,0.6822,0.0514
23,20,-59.12,0.6821,0.0511
23,49,-59.87,0.6821,0.0511
23,46,-56.63,0.6822,0.0510
23,6,-55.20,0.6822,0.0510
23,24,-59.16,0.6822,0.0511
23,10,-60.53,0.6822,0.0512
23,43,-60.21,0.6822,0.0512
23,47,-59.69,0.6822,0.0512
23,9,-58.52,0.6823,0.0480
23,50,-53.84,0.6822,0.0509
23,15,-55.29,0.6822,0.0510
23,36,-59.55,0.6823,0.0513
23,26,-60.54,0.6823,0.0512
23,12,-58.40,0.6823,0.0513
23,29,-60.75,0.6823,0.0512
23,30,-51.86,0.6816,0.0212
23,42,-52.44,0.6823,0.0456
23,7,-59.22,0.6825,0.0512
23,2,-57.63,0.6824,0.0511
23,17,-54.66,0.6825,0.0509
23,33,-59.21,0.6828,0.0515
23,39,-53.81,0.6826,0.0509
23,23,-58.04,0.6828,0.0510
23,40,-58.22,0.6829,0.0510
23,27,-59.17,0.6829,0.0512
23,41,-58.50,0.6830,0.0512
23,13,-51.57,0.6824,0.0463
24,48,-57.21,0.6986,0.0317
24,25,-57.37,0.6817,0.0493
24,45,-59.65,0.6992,0.0318
24,38,-59.39,0.6825,0.0487
24,16,-58.76,0.7012,0.0298
24,34,-59.95,0.6995,0.0318
24,44,-58.24,0.6815,0.0466
24,5,-55.64,0.6819,0.0499
24,31,-55.56,0.6819,0.0498
24,32,-59.00,0.7014,0.0297
24,4,-59.78,0.7014,0.0298
24,14,-60.09,0.6996,0.0317
24,21,-56.80,0.6817,0.0467
24,22,-55.14,0.6817,0.0466
24,8,-60.60,0.6997,0.0317
24,18,-59.28,0.6829,0.0509
24,35,-59.57,0.7015,0.0298
24,37,-59.93,0.6998,0.0318
24,1,-60.69,0.6997,0.0317
24,28,-57.71,0.6819,0.0468
24,11,-60.82,0.7016,0.0298
24,3,-58.72,0.6819,0.0468
24,19,-55.27,0.6818,0.0466
24,20,-59.87,0.7017,0.0297
24,49,-60.09,0.7017,0.0298
24,46,-60.82,0.6998,0.0317
24,6,-60.05,0.6999,0.0342
24,24,-60.05,0.7017,0.0297
24,10,-57.71,0.6820,0.0468
24,43,-57.56,0.6820,0.0467
24,47,-59.44,0.6821,0.0468
24,9,-56.26,0.6820,0.0466
24,15,-60.04,0.6999,0.0341
24,50,-59.06,0.6828,0.0490
24,36,-57.66,0.6820,0.0467
24,12,-57.90,0.6820,0.0467
24,26,-57.73,0.6821,0.0468
24,29,-58.82,0.6821,0.0468
24,30,-57.04,0.6828,0.0493
24,42,-57.49,0.6829,0.0491
24,7,-57.81,0.6822,0.0467
24,2,-61.33,0.7292,0.0052
24,17,-60.04,0.6831,0.0490
24,33,-57.29,0.6823,0.0465
24,39,-59.82,0.6832,0.0490
24,23,-61.32,0.7295,0.0052
24,40,-61.31,0.7024,0.0324
24,27,-59.89,0.6827,0.0467
24,41,-58.44,0.6827,0.0466
24,13,-55.64,0.6836,0.0493
25,48,-56.51,0.6814,0.0489
25,25,-54.71,0.6823,0.0009
25,45,-54.55,0.6820,0.0015
25,38,-52.61,0.6822,0.0014
25,16,-56.15,0.6821,0.0017
25,34,-55.11,0.6823,0.0015
25,44,-55.15,0.6821,0.0495
25,5,-56.97,0.6829,0.0009
25,31,-56.97,0.6830,0.0009
25,32,-56.33,0.6823,0.0017
25,4,-55.25,0.6824,0.0016
25,14,-54.90,0.6824,0.0016
25,21,-58.25,0.6823,0.0492
25,22,-56.07,0.6823,0.0493
25,8,-55.08,0.6825,0.0016
25,18,-52.71,0.6826,0.0015
25,35,-56.12,0.6825,0.0017
25,37,-53.63,0.6826,0.0015
25,1,-55.33,0.6826,0.0016
25,28,-58.78,0.6825,0.0486
25,11,-56.01,0.6826,0.0016
25,3,-57.20,0.6826,0.0017
25,19,-55.53,0.6825,0.0494
25,20,-56.07,0.6826,0.0017
25,49,-55.66,0.6826,0.0017
25,46,-54.63,0.6827,0.0016
25,6,-54.00,0.6827,0.0015
25,24,-56.06,0.6827,0.0017
25,10,-59.11,0.6826,0.0486
25,43,-59.84,0.6826,0.0485
25,47,-56.31,0.6827,0.0017
25,9,-57.32,0.6826,0.0492
25,50,-53.25,0.6828,0.0014
25,15,-54.35,0.6828,0.0015
25,36,-59.43,0.6826,0.0491
25,26,-59.09,0.6827,0.0486
25,12,-58.87,0.6826,0.0491
25,29,-57.32,0.6827,0.0486
25,30,-55.89,0.6834,0.0009
25,42,-54.76,0.6836,0.0009
25,7,-59.62,0.6828,0.0490
25,2,-54.76,0.6830,0.0016
25,17,-53.67,0.6831,0.0015
25,33,-55.63,0.6829,0.0495
25,39,-53.12,0.6833,0.0014
25,23,-54.52,0.6833,0.0016
25,40,-54.79,0.6834,0.0016
25,27,-59.08,0.6833,0.0017
25,41,-59.15,0.6833,0.0018
25,13,-55.49,0.6842,0.0009
26,48,-54.77,0.6810,0.0489
26,25,-57.97,0.6815,0.0214
26,45,-56.33,0.6816,0.0488
26,38,-57.43,0.6819,0.0486
26,16,-58.61,0.6818,0.0489
26,34,-55.78,0.6819,0.0487
26,44,-60.32,0.6826,0.0192
26,5,-57.87,0.6822,0.0212
26,31,-57.91,0.6822,0.0212
26,32,-55.16,0.6820,0.0489
26,4,-54.36,0.6820,0.0489
26,14,-57.68,0.6820,0.0488
26,21,-56.44,0.6820,0.0492
26,22,-58.11,0.6830,0.0189
26,8,-58.01,0.6821,0.0488
26,18,-57.41,0.6822,0.0486
26,35,-58.53,0.6821,0.0489
26,37,-56.52,0.6822,0.0486
26,1,-57.84,0.6822,0.0488
26,28,-58.58,0.6822,0.0490
26,11,-55.48,0.6822,0.0488
26,3,-59.68,0.6822,0.0490
26,19,-58.81,0.6832,0.0189
26,20,-58.31,0.6822,0.0489
26,49,-59.44,0.6823,0.0489
26,46,-55.41,0.6823,0.0488
26,6,-57.17,0.6823,0.0487
26,24,-58.31,0.6823,0.0489
26,10,-60.33,0.6823,0.0490
26,43,-58.20,0.6823,0.0491
26,47,-55.31,0.6823,0.0489
26,9,-56.68,0.6833,0.0483
26,50,-57.70,0.6824,0.0216
26,15,-57.07,0.6824,0.0487
26,36,-57.86,0.6823,0.0491
26,26,-60.34,0.6823,0.0490
26,12,-56.96,0.6823,0.0492
26,29,-59.21,0.6824,0.0490
26,30,-57.68,0.6826,0.0213
26,42,-58.56,0.6827,0.0214
26,7,-57.90,0.6825,0.0491
26,2,-58.56,0.6826,0.0488
26,17,-56.54,0.6827,0.0216
26,33,-59.15,0.6826,0.0201
26,39,-57.30,0.6829,0.0216
26,23,-59.00,0.6829,0.0488
26,40,-54.79,0.6830,0.0488
26,27,-58.32,0.6830,0.0490
26,41,-57.50,0.6830,0.0491
26,13,-57.17,0.6835,0.0212
27,48,-54.54,0.6817,0.0200
27,25,-55.70,0.6820,0.0198
27,45,-55.16,0.6823,0.0199
27,38,-56.58,0.6825,0.0198
27,16,-54.43,0.6824,0.0200
27,34,-56.30,0.6825,0.0199
27,44,-56.69,0.6825,0.0218
27,5,-54.21,0.6827,0.0198
27,31,-54.18,0.6828,0.0198
27,32,-54.47,0.6826,0.0200
27,4,-54.43,0.6827,0.0200
27,14,-54.46,0.6827,0.0200
27,21,-58.74,0.6826,0.0217
27,22,-59.35,0.6826,0.0218
27,8,-54.49,0.6828,0.0200
27,18,-56.38,0.6828,0.0198
27,35,-54.45,0.6828,0.0200
27,37,-56.61,0.6828,0.0198
27,1,-54.54,0.6828,0.0200
27,28,-54.93,0.6828,0.0201
27,11,-54.46,0.6829,0.0200
27,3,-54.59,0.6828,0.0201
27,19,-58.57,0.6827,0.0219
27,20,-54.48,0.6829,0.0200
27,49,-54.34,0.6829,0.0200
27,46,-54.63,0.6829,0.0199
27,6,-55.81,0.6830,0.0199
27,24,-54.42,0.6830,0.0200
27,10,-55.06,0.6829,0.0201
27,43,-55.50,0.6829,0.0202
27,47,-54.59,0.6830,0.0200
27,9,-60.70,0.6829,0.0218
27,50,-56.87,0.6831,0.0198
27,15,-55.89,0.6830,0.0199
27,36,-56.00,0.6829,0.0202
27,26,-55.06,0.6830,0.0201
27,12,-57.10,0.6829,0.0202
27,29,-54.60,0.6830,0.0201
27,30,-56.25,0.6832,0.0198
27,42,-58.95,0.6833,0.0197
27,7,-55.93,0.6831,0.0202
27,2,-54.69,0.6832,0.0199
27,17,-56.47,0.6834,0.0198
27,33,-55.51,0.6834,0.0218
27,39,-57.03,0.6835,0.0198
27,23,-54.73,0.6836,0.0199
27,40,-54.60,0.6836,0.0200
27,27,-55.41,0.6836,0.0201
27,41,-57.70,0.6836,0.0202
27,13,-56.22,0.6840,0.0198
28,48,-54.98,0.6815,0.0466
28,25,-55.81,0.6825,0.0463
28,45,-56.31,0.6821,0.0466
28,38,-56.20,0.6830,0.0460
28,16,-54.09,0.6823,0.0487
28,34,-54.98,0.6824,0.0466
28,44,-50.80,0.6829,0.0477
28,5,-56.62,0.6827,0.0468
28,31,-56.64,0.6828,0.0468
28,32,-53.86,0.6825,0.0487
28,4,-53.18,0.6825,0.0487
28,14,-55.35,0.6825,0.0488
28,21,-51.65,0.6825,0.0485
28,22,-50.59,0.6825,0.0484
28,8,-54.75,0.6826,0.0488
28,18,-55.82,0.6834,0.0460
28,35,-53.56,0.6826,0.0487
28,37,-54.97,0.6827,0.0488
28,1,-54.68,0.6827,0.0487
28,28,-53.93,0.6827,0.0486
28,11,-54.66,0.6827,0.0487
28,3,-54.06,0.6827,0.0487
28,19,-51.12,0.6827,0.0483
28,20,-53.67,0.6827,0.0487
28,49,-53.39,0.6828,0.0487
28,46,-54.01,0.6828,0.0488
28,6,-56.02,0.6828,0.0488
28,24,-53.88,0.6828,0.0487
28,10,-53.74,0.6828,0.0486
28,43,-53.42,0.6828,0.0486
28,47,-54.34,0.6828,0.0487
28,9,-50.33,0.6828,0.0485
28,50,-55.08,0.6836,0.0460
28,15,-55.40,0.6829,0.0488
28,36,-52.73,0.6828,0.0485
28,26,-53.72,0.6828,0.0486
28,12,-51.46,0.6828,0.0485
28,29,-54.32,0.6829,0.0486
28,30,-55.64,0.6836,0.0463
28,42,-55.71,0.6838,0.0461
28,7,-51.87,0.6830,0.0485
28,2,-54.80,0.6831,0.0487
28,17,-56.59,0.6839,0.0481
28,33,-51.86,0.6837,0.0476
28,39,-55.45,0.6841,0.0482
28,23,-55.15,0.6834,0.0487
28,40,-54.46,0.6835,0.0487
28,27,-52.45,0.6835,0.0485
28,41,-50.24,0.6835,0.0485
28,13,-55.57,0.6846,0.0461
29,48,-58.30,0.6814,0.0483
29,25,-59.15,0.6826,0.0456
29,45,-58.48,0.6828,0.0476
29,38,-59.28,0.6830,0.0477
29,16,-57.81,0.6822,0.0482
29,34,-58.64,0.6831,0.0476
29,44,-58.65,0.6821,0.0479
29,5,-59.67,0.6833,0.0493
29,31,-59.68,0.6833,0.0493
29,32,-57.72,0.6824,0.0482
29,4,-57.93,0.6824,0.0483
29,14,-58.17,0.6824,0.0483
29,21,-54.80,0.6824,0.0481
29,22,-56.13,0.6824,0.0480
29,8,-58.14,0.6825,0.0483
29,18,-59.35,0.6834,0.0476
29,35,-57.75,0.6825,0.0482
29,37,-58.79,0.6834,0.0476
29,1,-58.10,0.6826,0.0483
29,28,-57.34,0.6826,0.0481
29,11,-58.01,0.6826,0.0483
29,3,-57.62,0.6826,0.0482
29,19,-57.32,0.6825,0.0479
29,20,-57.73,0.6827,0.0482
29,49,-57.76,0.6827,0.0482
29,46,-58.31,0.6827,0.0483
29,6,-58.57,0.6835,0.0475
29,24,-57.72,0.6827,0.0482
29,10,-57.25,0.6827,0.0481
29,43,-57.24,0.6827,0.0481
29,47,-57.64,0.6827,0.0482
29,9,-54.90,0.6827,0.0480
29,50,-59.74,0.6836,0.0476
29,15,-58.74,0.6836,0.0475
29,36,-57.28,0.6827,0.0481
29,26,-57.24,0.6827,0.0481
29,12,-56.13,0.6827,0.0481
29,29,-57.61,0.6828,0.0482
29,30,-58.91,0.6837,0.0478
29,42,-59.08,0.6838,0.0477
29,7,-57.24,0.6829,0.0481
29,2,-58.18,0.6830,0.0482
29,17,-59.49,0.6839,0.0476
29,33,-57.27,0.6830,0.0477
29,39,-59.89,0.6841,0.0476
29,23,-58.18,0.6833,0.0482
29,40,-57.91,0.6834,0.0482
29,27,-57.12,0.6834,0.0481
29,41,-56.37,0.6834,0.0480
29,13,-59.32,0.6846,0.0477
30,48,-57.11,0.6820,0.0477
30,25,-55.62,0.6824,0.0471
30,45,-56.65,0.6826,0.0475
30,38,-55.92,0.6828,0.0452
30,16,-57.90,0.6827,0.0477
30,34,-55.92,0.6828,0.0474
30,44,-58.78,0.6827,0.0482
30,5,-55.27,0.6830,0.0454
30,31,-55.31,0.6831,0.0454
30,32,-57.78,0.6829,0.0477
30,4,-58.57,0.6830,0.0476
30,14,-57.99,0.6830,0.0475
30,21,-58.13,0.6839,0.0470
30,22,-58.09,0.6830,0.0516
30,8,-58.06,0.6831,0.0475
30,18,-55.97,0.6831,0.0451
30,35,-58.24,0.6831,0.0476
30,37,-55.75,0.6831,0.0474
30,1,-58.09,0.6831,0.0475
30,28,-57.77,0.6840,0.0469
30,11,-58.50,0.6832,0.0476
30,3,-57.57,0.6831,0.0477
30,19,-60.24,0.6831,0.0517
30,20,-58.24,0.6832,0.0476
30,49,-58.35,0.6832,0.0476
30,46,-57.83,0.6832,0.0475
30,6,-57.11,0.6833,0.0474
30,24,-58.16,0.6833,0.0476
30,10,-57.53,0.6841,0.0469
30,43,-57.83,0.6841,0.0469
30,47,-58.16,0.6833,0.0476
30,9,-57.68,0.6842,0.0470
30,50,-56.05,0.6834,0.0451
30,15,-56.82,0.6833,0.0474
30,36,-58.33,0.6842,0.0469
30,26,-57.51,0.6841,0.0469
30,12,-58.98,0.6842,0.0469
30,29,-57.62,0.6842,0.0468
30,30,-54.97,0.6835,0.0453
30,42,-56.22,0.6836,0.0452
30,7,-58.29,0.6844,0.0469
30,2,-58.37,0.6835,0.0475
30,17,-56.13,0.6837,0.0451
30,33,-54.97,0.6836,0.0220
30,39,-56.26,0.6838,0.0451
30,23,-58.22,0.6839,0.0475
30,40,-58.70,0.6839,0.0475
30,27,-57.74,0.6848,0.0468
30,41,-58.49,0.6849,0.0469
30,13,-55.88,0.6844,0.0452
31,48,-58.23,0.6815,0.0480
31,25,-55.02,0.6819,0.0181
31,45,-53.62,0.6821,0.0196
31,38,-53.11,0.6824,0.0181
31,16,-58.52,0.6823,0.0197
31,34,-52.89,0.6824,0.0180
31,44,-54.24,0.6822,0.0202
31,5,-56.56,0.6831,0.0186
31,31,-56.38,0.6832,0.0186
31,32,-59.19,0.6825,0.0198
31,4,-55.78,0.6825,0.0197
31,14,-54.63,0.6825,0.0197
31,21,-56.57,0.6825,0.0200
31,22,-53.70,0.6825,0.0201
31,8,-54.54,0.6827,0.0197
31,18,-53.51,0.6827,0.0180
31,35,-57.93,0.6826,0.0197
31,37,-52.62,0.6827,0.0180
31,1,-54.59,0.6827,0.0197
31,28,-58.15,0.6827,0.0198
31,11,-54.86,0.6827,0.0197
31,3,-58.79,0.6827,0.0198
31,19,-53.22,0.6826,0.0201
31,20,-57.64,0.6828,0.0197
31,49,-56.74,0.6828,0.0197
31,46,-53.64,0.6828,0.0180
31,6,-52.80,0.6828,0.0180
31,24,-57.41,0.6828,0.0197
31,10,-58.00,0.6828,0.0198
31,43,-57.79,0.6828,0.0199
31,47,-57.81,0.6828,0.0197
31,9,-55.15,0.6828,0.0200
31,50,-53.44,0.6829,0.0180
31,15,-52.60,0.6829,0.0180
31,36,-57.08,0.6828,0.0199
31,26,-57.98,0.6828,0.0198
31,12,-56.96,0.6828,0.0486
31,29,-58.37,0.6829,0.0198
31,30,-55.11,0.6831,0.0192
31,42,-55.04,0.6832,0.0181
31,7,-57.60,0.6830,0.0199
31,2,-53.87,0.6831,0.0180
31,17,-53.77,0.6832,0.0180
31,33,-55.10,0.6831,0.0490
31,39,-53.67,0.6834,0.0180
31,23,-53.56,0.6834,0.0179
31,40,-53.62,0.6835,0.0179
31,27,-58.31,0.6835,0.0198
31,41,-55.90,0.6835,0.0199
31,13,-55.25,0.6839,0.0191
32,48,-58.57,0.6812,0.0492
32,25,-62.05,0.6817,0.0494
32,45,-59.85,0.6818,0.0492
32,38,-60.46,0.6820,0.0493
32,16,-58.05,0.6820,0.0491
32,34,-60.13,0.6821,0.0493
32,44,-56.45,0.6830,0.0486
32,5,-60.95,0.6823,0.0495
32,31,-60.96,0.6824,0.0495
32,32,-58.38,0.6821,0.0491
32,4,-60.12,0.6822,0.0491
32,14,-59.44,0.6822,0.0492
32,21,-58.86,0.6831,0.0484
32,22,-58.14,0.6832,0.0485
32,8,-59.64,0.6823,0.0492
32,18,-60.54,0.6824,0.0493
32,35,-58.30,0.6823,0.0491
32,37,-60.67,0.6824,0.0493
32,1,-59.90,0.6824,0.0492
32,28,-58.38,0.6823,0.0492
32,11,-59.66,0.6824,0.0492
32,3,-59.12,0.6824,0.0491
32,19,-57.67,0.6834,0.0486
32,20,-59.20,0.6824,0.0491
32,49,-60.38,0.6824,0.0491
32,46,-60.05,0.6825,0.0492
32,6,-60.90,0.6825,0.0492
32,24,-59.17,0.6825,0.0491
32,10,-58.23,0.6825,0.0492
32,43,-58.48,0.6825,0.0493
32,47,-59.18,0.6825,0.0491
32,9,-58.71,0.6834,0.0479
32,50,-61.31,0.6826,0.0493
32,15,-60.65,0.6826,0.0492
32,36,-58.68,0.6825,0.0493
32,12,-58.70,0.6834,0.0484
32,26,-58.25,0.6825,0.0492
32,29,-58.69,0.6825,0.0491
32,30,-62.49,0.6828,0.0494
32,42,-64.37,0.6828,0.0494
32,7,-58.69,0.6836,0.0483
32,2,-60.28,0.6828,0.0491
32,17,-61.23,0.6829,0.0493
32,33,-56.53,0.6839,0.0485
32,39,-61.78,0.6831,0.0493
32,23,-60.52,0.6831,0.0491
32,40,-60.62,0.6832,0.0491
32,27,-58.51,0.6832,0.0492
32,41,-58.15,0.6841,0.0483
32,13,-61.81,0.6836,0.0494
33,48,-58.91,0.6813,0.0481
33,25,-57.43,0.6822,0.0479
33,45,-58.70,0.6819,0.0507
33,38,-58.46,0.6821,0.0482
33,16,-58.89,0.6820,0.0480
33,34,-59.36,0.6822,0.0481
33,44,-58.67,0.6820,0.0021
33,5,-59.40,0.6828,0.0480
33,31,-59.19,0.6828,0.0480
33,32,-58.47,0.6822,0.0508
33,4,-59.24,0.6823,0.0508
33,14,-58.84,0.6823,0.0507
33,21,-57.19,0.6822,0.0454
33,22,-57.45,0.6822,0.0453
33,8,-58.91,0.6824,0.0507
33,18,-58.32,0.6824,0.0482
33,35,-58.71,0.6824,0.0508
33,37,-58.95,0.6824,0.0481
33,1,-58.97,0.6825,0.0507
33,28,-58.33,0.6824,0.0479
33,11,-59.19,0.6825,0.0507
33,3,-59.27,0.6825,0.0509
33,19,-57.87,0.6824,0.0020
33,20,-58.46,0.6825,0.0508
33,49,-59.18,0.6825,0.0508
33,46,-59.07,0.6826,0.0507
33,6,-59.37,0.6826,0.0506
33,24,-58.50,0.6826,0.0508
33,10,-58.61,0.6826,0.0510
33,43,-58.02,0.6826,0.0455
33,47,-58.76,0.6826,0.0508
33,9,-56.83,0.6825,0.0454
33,50,-58.56,0.6827,0.0482
33,15,-59.46,0.6826,0.0506
33,36,-57.95,0.6826,0.0454
33,26,-58.61,0.6826,0.0509
33,12,-57.00,0.6826,0.0454
33,29,-58.71,0.6826,0.0479
33,30,-58.54,0.6833,0.0478
33,42,-57.18,0.6834,0.0477
33,7,-57.89,0.6828,0.0454
33,2,-58.95,0.6828,0.0507
33,17,-58.59,0.6830,0.0481
33,33,-59.53,0.6829,0.0477
33,39,-58.75,0.6831,0.0481
33,23,-59.65,0.6832,0.0506
33,40,-58.40,0.6833,0.0479
33,27,-58.68,0.6832,0.0454
33,41,-57.03,0.6833,0.0019
33,13,-57.29,0.6841,0.0479
34,48,-58.62,0.6810,0.0008
34,25,-58.26,0.6820,0.0507
34,45,-58.37,0.6816,0.0007
34,38,-57.61,0.6819,0.0013
34,16,-58.12,0.6818,0.0470
34,34,-58.23,0.6819,0.0007
34,44,-56.01,0.6817,0.0466
34,5,-57.38,0.6826,0.0505
34,31,-57.42,0.6826,0.0505
34,32,-58.08,0.6820,0.0469
34,4,-58.08,0.6820,0.0470
34,14,-58.19,0.6820,0.0470
34,21,-59.19,0.6820,0.0468
34,22,-56.55,0.6820,0.0467
34,8,-58.13,0.6821,0.0470
34,18,-57.93,0.6822,0.0013
34,35,-58.04,0.6821,0.0469
34,37,-57.74,0.6822,0.0183
34,1,-58.06,0.6822,0.0470
34,28,-59.10,0.6822,0.0469
34,11,-57.99,0.6822,0.0470
34,3,-58.37,0.6822,0.0469
34,19,-57.12,0.6821,0.0467
34,20,-58.03,0.6823,0.0469
34,49,-58.01,0.6823,0.0469
34,46,-57.77,0.6823,0.0470
34,6,-58.02,0.6823,0.0470
34,24,-58.04,0.6823,0.0469
34,10,-59.38,0.6823,0.0468
34,43,-60.46,0.6823,0.0468
34,47,-58.19,0.6823,0.0469
34,9,-57.11,0.6823,0.0467
34,50,-57.21,0.6824,0.0493
34,15,-58.08,0.6824,0.0470
34,36,-60.23,0.6823,0.0468
34,26,-59.36,0.6823,0.0468
34,12,-59.41,0.6823,0.0468
34,29,-58.53,0.6824,0.0469
34,30,-57.57,0.6831,0.0506
34,42,-56.69,0.6827,0.0512
34,7,-59.79,0.6825,0.0468
34,2,-57.83,0.6826,0.0469
34,17,-57.81,0.6827,0.0493
34,33,-57.12,0.6826,0.0465
34,39,-56.78,0.6829,0.0514
34,23,-57.51,0.6829,0.0469
34,40,-57.41,0.6830,0.0469
34,27,-58.92,0.6830,0.0468
34,41,-57.67,0.6830,0.0467
34,13,-57.43,0.6839,0.0505
35,48,-62.67,0.6821,0.0204
35,25,-55.11,0.6820,0.0204
35,45,-62.62,0.6827,0.0203
35,38,-57.53,0.6829,0.0201
35,16,-63.53,0.6829,0.0204
35,34,-59.58,0.6830,0.0202
35,44,-59.48,0.6828,0.0000
35,5,-55.83,0.6826,0.0193
35,31,-55.86,0.6827,0.0193
35,32,-63.18,0.6831,0.0204
35,4,-62.94,0.6831,0.0204
35,14,-62.46,0.6831,0.0203
35,21,-66.04,0.6831,0.0184
35,22,-60.82,0.6830,0.0000
35,8,-62.49,0.6832,0.0203
35,18,-58.51,0.6833,0.0201
35,35,-63.17,0.6832,0.0204
35,37,-59.59,0.6833,0.0202
35,1,-62.33,0.6833,0.0203
35,28,-63.98,0.6832,0.0205
35,11,-61.90,0.6833,0.0203
35,3,-63.39,0.6833,0.0204
35,19,-59.87,0.6832,0.0000
35,20,-63.08,0.6833,0.0204
35,49,-62.80,0.6833,0.0204
35,46,-61.15,0.6834,0.0203
35,6,-60.84,0.6834,0.0202
35,24,-63.06,0.6834,0.0204
35,10,-63.89,0.6834,0.0205
35,43,-65.34,0.6834,0.0205
35,47,-63.36,0.6834,0.0204
35,9,-62.49,0.6833,0.0000
35,50,-58.00,0.6835,0.0201
35,15,-59.85,0.6835,0.0202
35,36,-66.30,0.6834,0.0206
35,26,-63.88,0.6834,0.0205
35,12,-65.97,0.6834,0.0189
35,29,-63.63,0.6834,0.0204
35,30,-55.26,0.6832,0.0192
35,42,-55.81,0.6833,0.0204
35,7,-65.62,0.6836,0.0206
35,2,-61.37,0.6837,0.0203
35,17,-59.33,0.6838,0.0201
35,33,-59.44,0.6836,0.0000
35,39,-59.19,0.6840,0.0201
35,23,-61.38,0.6840,0.0203
35,40,-60.90,0.6841,0.0203
35,27,-65.25,0.6841,0.0205
35,41,-62.67,0.6841,0.0189
35,13,-55.00,0.6840,0.0192
36,48,-58.09,0.6811,0.0492
36,25,-56.54,0.6814,0.0466
36,45,-57.38,0.6816,0.0492
36,38,-55.76,0.6819,0.0464
36,16,-58.62,0.6818,0.0517
36,34,-56.69,0.6819,0.0492
36,44,-60.78,0.6819,0.0458
36,5,-55.38,0.6826,0.0476
36,31,-55.36,0.6826,0.0476
36,32,-58.93,0.6820,0.0518
36,4,-58.29,0.6820,0.0517
36,14,-57.94,0.6821,0.0462
36,21,-60.51,0.6821,0.0459
36,22,-60.31,0.6821,0.0458
36,8,-57.79,0.6822,0.0462
36,18,-55.72,0.6822,0.0464
36,35,-58.85,0.6822,0.0517
36,37,-56.35,0.6822,0.0463
36,1,-57.68,0.6822,0.0462
36,28,-60.10,0.6822,0.0519
36,11,-58.21,0.6822,0.0197
36,3,-59.39,0.6822,0.0518
36,19,-60.44,0.6822,0.0458
36,20,-58.88,0.6823,0.0517
36,49,-58.78,0.6823,0.0517
36,46,-57.47,0.6823,0.0197
36,6,-56.90,0.6824,0.0463
36,24,-58.90,0.6824,0.0517
36,10,-60.33,0.6823,0.0519
36,43,-60.54,0.6823,0.0519
36,47,-59.65,0.6824,0.0197
36,9,-60.36,0.6824,0.0459
36,50,-55.29,0.6825,0.0464
36,15,-56.89,0.6824,0.0463
36,36,-60.45,0.6824,0.0518
36,26,-60.36,0.6823,0.0519
36,12,-60.59,0.6824,0.0519
36,29,-59.64,0.6824,0.0518
36,30,-55.29,0.6826,0.0481
36,42,-55.33,0.6827,0.0493
36,7,-60.34,0.6826,0.0518
36,2,-57.76,0.6826,0.0197
36,17,-55.58,0.6828,0.0463
36,33,-61.13,0.6826,0.0458
36,39,-55.41,0.6829,0.0463
36,23,-57.40,0.6830,0.0197
36,40,-57.89,0.6830,0.0197
36,27,-60.17,0.6830,0.0518
36,41,-60.40,0.6831,0.0519
36,13,-55.45,0.6834,0.0494
37,48,-60.41,0.6806,0.0172
37,25,-61.64,0.6824,0.0001
37,45,-62.85,0.6812,0.0172
37,38,-63.35,0.6822,0.0008
37,16,-59.45,0.6814,0.0171
37,34,-62.54,0.6823,0.0197
37,44,-53.72,0.6813,0.0212
37,5,-56.57,0.6830,0.0171
37,31,-56.59,0.6831,0.0171
37,32,-59.23,0.6816,0.0171
37,4,-60.07,0.6816,0.0171
37,14,-61.04,0.6816,0.0172
37,21,-57.75,0.6815,0.0170
37,22,-55.15,0.6815,0.0170
37,8,-60.87,0.6817,0.0171
37,18,-62.53,0.6826,0.0164
37,35,-59.51,0.6817,0.0171
37,37,-62.13,0.6826,0.0164
37,1,-60.74,0.6818,0.0171
37,28,-59.18,0.6818,0.0171
37,11,-60.38,0.6818,0.0171
37,3,-59.01,0.6818,0.0171
37,19,-53.94,0.6817,0.0211
37,20,-59.37,0.6818,0.0171
37,49,-59.57,0.6819,0.0171
37,46,-61.12,0.6819,0.0172
37,6,-61.36,0.6819,0.0172
37,24,-59.32,0.6819,0.0171
37,10,-59.29,0.6819,0.0171
37,47,-59.01,0.6819,0.0171
37,43,-59.55,0.6819,0.0171
37,9,-56.34,0.6818,0.0170
37,15,-61.36,0.6820,0.0172
37,36,-59.20,0.6819,0.0170
37,50,-62.22,0.6828,0.0164
37,12,-58.62,0.6819,0.0170
37,26,-59.32,0.6819,0.0171
37,29,-58.91,0.6820,0.0171
37,30,-57.74,0.6835,0.0001
37,42,-61.18,0.6837,0.0001
37,7,-60.23,0.6821,0.0170
37,2,-60.53,0.6822,0.0171
37,17,-61.54,0.6831,0.0164
37,33,-53.82,0.6821,0.0212
37,39,-61.50,0.6833,0.0164
37,23,-59.96,0.6825,0.0206
37,40,-59.82,0.6826,0.0171
37,27,-60.08,0.6826,0.0171
37,41,-58.97,0.6826,0.0170
37,13,-56.47,0.6844,0.0171
38,48,-54.48,0.6828,0.0489
38,25,-53.42,0.6831,0.0186
38,45,-55.34,0.6833,0.0189
38,38,-53.12,0.6836,0.0187
38,16,-58.99,0.6835,0.0489
38,34,-54.05,0.6836,0.0188
38,44,-56.61,0.6835,0.0212
38,5,-55.36,0.6838,0.0480
38,31,-55.33,0.6839,0.0507
38,32,-55.34,0.6837,0.0489
38,4,-55.17,0.6837,0.0488
38,14,-58.16,0.6838,0.0462
38,21,-56.50,0.6837,0.0210
38,22,-58.32,0.6837,0.0211
38,8,-58.17,0.6839,0.0462
38,18,-54.12,0.6839,0.0187
38,35,-58.32,0.6838,0.0489
38,37,-53.68,0.6839,0.0188
38,1,-57.89,0.6839,0.0462
38,28,-55.04,0.6847,0.0482
38,11,-56.08,0.6839,0.0462
38,3,-61.12,0.6847,0.0481
38,19,-58.10,0.6839,0.0212
38,20,-58.14,0.6840,0.0489
38,49,-60.76,0.6840,0.0190
38,46,-56.33,0.6840,0.0462
38,6,-55.52,0.6841,0.0462
38,24,-58.52,0.6840,0.0190
38,10,-57.66,0.6848,0.0482
38,43,-55.89,0.6848,0.0482
38,47,-55.39,0.6849,0.0481
38,9,-58.25,0.6840,0.0210
38,50,-53.08,0.6842,0.0187
38,15,-54.72,0.6841,0.0462
38,36,-56.43,0.6848,0.0483
38,26,-57.67,0.6849,0.0482
38,12,-57.36,0.6840,0.0210
38,29,-62.75,0.6849,0.0481
38,30,-54.15,0.6843,0.0481
38,42,-53.07,0.6844,0.0186
38,7,-56.54,0.6842,0.0490
38,2,-58.24,0.6843,0.0189
38,17,-54.35,0.6845,0.0187
38,33,-56.36,0.6843,0.0213
38,39,-54.04,0.6846,0.0187
38,23,-58.34,0.6847,0.0189
38,40,-55.47,0.6847,0.0189
38,27,-60.25,0.6855,0.0481
38,41,-57.00,0.6847,0.0491
38,13,-53.70,0.6851,0.0507
39,48,-67.43,0.6827,0.0459
39,25,-61.70,0.6831,0.0462
39,45,-65.34,0.6833,0.0459
39,38,-62.31,0.6835,0.0460
39,16,-66.33,0.6835,0.0459
39,34,-64.31,0.6836,0.0459
39,44,-55.65,0.6834,0.0456
39,5,-62.57,0.6838,0.0462
39,31,-62.56,0.6839,0.0462
39,32,-64.60,0.7005,0.0290
39,4,-66.10,0.6837,0.0459
39,14,-66.66,0.6837,0.0459
39,21,-59.68,0.7004,0.0290
39,22,-56.79,0.6837,0.0457
39,8,-66.40,0.6838,0.0459
39,18,-62.33,0.6839,0.0460
39,35,-64.38,0.7007,0.0290
39,37,-63.67,0.6839,0.0459
39,1,-66.33,0.6839,0.0459
39,28,-59.63,0.7007,0.0290
39,11,-65.73,0.6839,0.0459
39,3,-60.92,0.7007,0.0290
39,19,-55.72,0.6838,0.0456
39,20,-63.63,0.7008,0.0290
39,49,-63.83,0.6840,0.0458
39,46,-65.72,0.6840,0.0459
39,6,-64.35,0.6840,0.0459
39,24,-63.11,0.7009,0.0290
39,10,-59.52,0.7008,0.0290
39,43,-59.54,0.7008,0.0290
39,47,-61.30,0.7009,0.0290
39,9,-58.16,0.6840,0.0457
39,50,-62.88,0.6841,0.0460
39,15,-64.14,0.6841,0.0459
39,36,-59.76,0.7008,0.0290
39,26,-59.57,0.7008,0.0290
39,12,-60.21,0.7008,0.0290
39,29,-60.13,0.7009,0.0290
39,30,-62.33,0.6842,0.0461
39,42,-62.52,0.6844,0.0460
39,7,-60.00,0.7010,0.0290
39,2,-65.16,0.6843,0.0459
39,17,-63.17,0.6844,0.0459
39,33,-54.81,0.6843,0.0455
39,39,-62.24,0.6846,0.0460
39,23,-63.56,0.6846,0.0458
39,40,-61.16,0.7015,0.0290
39,27,-60.06,0.7015,0.0290
39,41,-58.25,0.7014,0.0289
39,13,-62.18,0.6851,0.0461
40,48,-55.95,0.6814,0.0485
40,25,-55.41,0.6818,0.0479
40,45,-56.31,0.6820,0.0483
40,38,-56.56,0.6822,0.0481
40,16,-56.62,0.6822,0.0485
40,34,-56.82,0.6823,0.0482
40,44,-59.46,0.6832,0.0479
40,5,-55.76,0.6825,0.0476
40,31,-55.92,0.6825,0.0476
40,32,-56.73,0.6823,0.0485
40,4,-56.65,0.6824,0.0484
40,14,-56.61,0.6824,0.0483
40,21,-55.66,0.6823,0.0522
40,22,-56.62,0.6823,0.0489
40,8,-56.69,0.6825,0.0483
40,18,-56.61,0.6826,0.0481
40,35,-56.88,0.6825,0.0484
40,37,-56.50,0.6826,0.0481
40,1,-56.74,0.6826,0.0483
40,28,-57.89,0.6825,0.0521
40,11,-56.59,0.6826,0.0484
40,3,-57.64,0.6826,0.0485
40,19,-57.42,0.6825,0.0490
40,20,-56.82,0.6826,0.0484
40,49,-56.95,0.6826,0.0484
40,46,-56.84,0.6827,0.0483
40,6,-57.01,0.6827,0.0482
40,24,-56.96,0.6827,0.0484
40,10,-57.91,0.6827,0.0486
40,43,-57.00,0.6826,0.0486
40,47,-56.81,0.6827,0.0485
40,9,-55.78,0.6826,0.0488
40,50,-56.61,0.6828,0.0480
40,15,-57.01,0.6828,0.0482
40,36,-56.55,0.6827,0.0487
40,26,-57.95,0.6827,0.0486
40,12,-55.83,0.6826,0.0522
40,29,-57.79,0.6827,0.0485
40,30,-53.98,0.6829,0.0477
40,42,-54.73,0.6830,0.0479
40,7,-56.73,0.6829,0.0486
40,2,-57.03,0.6830,0.0483
40,17,-56.61,0.6831,0.0480
40,33,-58.73,0.6829,0.0491
40,39,-56.46,0.6833,0.0480
40,23,-57.09,0.6833,0.0483
40,40,-57.27,0.6834,0.0483
40,27,-57.54,0.6833,0.0485
40,41,-56.13,0.6834,0.0487
40,13,-56.71,0.6838,0.0476
41,48,-57.42,0.6810,0.0481
41,25,-56.68,0.6814,0.0483
41,45,-56.66,0.6816,0.0481
41,38,-57.46,0.6818,0.0482
41,16,-57.12,0.6818,0.0480
41,34,-57.15,0.6819,0.0481
41,44,-58.60,0.6817,0.0486
41,5,-55.15,0.6821,0.0187
41,31,-55.15,0.6822,0.0187
41,32,-55.20,0.6819,0.0480
41,4,-54.43,0.6820,0.0480
41,14,-56.16,0.6820,0.0480
41,21,-58.66,0.6820,0.0483
41,22,-58.84,0.6820,0.0484
41,8,-56.20,0.6821,0.0480
41,18,-57.01,0.6822,0.0481
41,35,-57.80,0.6821,0.0480
41,37,-56.54,0.6822,0.0481
41,1,-56.53,0.6822,0.0480
41,28,-56.20,0.6838,0.0464
41,11,-54.75,0.6822,0.0480
41,3,-55.52,0.6822,0.0481
41,19,-58.93,0.6821,0.0485
41,20,-57.94,0.6822,0.0480
41,49,-54.58,0.6822,0.0480
41,46,-56.09,0.6823,0.0480
41,6,-56.03,0.6823,0.0481
41,24,-57.98,0.6823,0.0480
41,10,-56.08,0.6840,0.0464
41,43,-57.60,0.6840,0.0464
41,47,-56.03,0.6823,0.0480
41,9,-59.27,0.6823,0.0483
41,50,-56.95,0.6824,0.0481
41,15,-56.36,0.6824,0.0481
41,36,-58.53,0.6840,0.0465
41,26,-56.22,0.6840,0.0464
41,12,-58.99,0.6840,0.0465
41,29,-55.57,0.6823,0.0481
41,30,-55.66,0.6825,0.0483
41,42,-57.71,0.6826,0.0482
41,7,-58.35,0.6842,0.0464
41,2,-55.08,0.6826,0.0480
41,17,-56.31,0.6827,0.0481
41,33,-58.85,0.6826,0.0486
41,39,-56.40,0.6829,0.0481
41,23,-55.49,0.6829,0.0480
41,40,-56.71,0.6830,0.0480
41,27,-57.61,0.6847,0.0464
41,41,-58.92,0.6830,0.0482
41,13,-55.90,0.6834,0.0483
42,48,-59.33,0.6815,0.0204
42,25,-55.47,0.6819,0.0441
42,45,-57.85,0.6821,0.0187
42,38,-56.77,0.6824,0.0440
42,16,-55.76,0.6823,0.0204
42,34,-57.02,0.6824,0.0203
42,44,-56.23,0.6823,0.0209
42,5,-58.25,0.6826,0.0442
42,31,-58.20,0.6827,0.0442
42,32,-54.83,0.6825,0.0204
42,4,-55.60,0.6825,0.0204
42,14,-58.18,0.6826,0.0187
42,21,-55.34,0.6825,0.0207
42,22,-54.84,0.6825,0.0208
42,8,-56.92,0.6827,0.0203
42,18,-56.70,0.6827,0.0439
42,35,-55.59,0.6827,0.0204
42,37,-56.69,0.6827,0.0202
42,1,-56.16,0.6827,0.0203
42,28,-56.25,0.6827,0.0205
42,11,-55.51,0.6828,0.0203
42,3,-56.40,0.6827,0.0205
42,19,-54.85,0.6826,0.0208
42,20,-54.30,0.6828,0.0204
42,49,-54.19,0.6828,0.0204
42,46,-58.55,0.6828,0.0203
42,6,-59.81,0.6829,0.0203
42,24,-54.38,0.6829,0.0204
42,10,-56.32,0.6828,0.0205
42,43,-55.46,0.6828,0.0206
42,47,-55.23,0.6829,0.0204
42,9,-55.41,0.6828,0.0207
42,50,-55.97,0.6830,0.0201
42,15,-59.66,0.6829,0.0203
42,36,-55.34,0.6828,0.0206
42,26,-56.30,0.6828,0.0205
42,12,-54.83,0.6828,0.0206
42,29,-56.21,0.6829,0.0205
42,30,-55.60,0.6831,0.0441
42,42,-56.44,0.6832,0.0440
42,7,-55.25,0.6830,0.0206
42,2,-55.07,0.6831,0.0203
42,17,-56.33,0.6833,0.0201
42,33,-55.65,0.6831,0.0209
42,39,-56.12,0.6834,0.0201
42,23,-55.26,0.6835,0.0203
42,40,-55.70,0.6835,0.0203
42,27,-56.61,0.6835,0.0188
42,41,-55.67,0.6835,0.0206
42,13,-55.75,0.6839,0.0440
43,48,-58.77,0.6803,0.0456
43,25,-60.41,0.6806,0.0459
43,45,-58.65,0.6809,0.0456
43,38,-60.21,0.6811,0.0457
43,16,-58.49,0.6811,0.0455
43,34,-58.70,0.6812,0.0456
43,44,-57.82,0.6809,0.0492
43,5,-57.32,0.6813,0.0460
43,31,-57.25,0.6814,0.0460
43,32,-58.92,0.6813,0.0455
43,4,-58.09,0.6813,0.0455
43,14,-57.94,0.6813,0.0455
43,21,-65.46,0.6998,0.0000
43,22,-61.82,0.6811,0.0186
43,8,-57.93,0.6814,0.0455
43,18,-59.73,0.6815,0.0457
43,35,-58.79,0.6814,0.0455
43,37,-58.70,0.6815,0.0456
43,1,-57.94,0.6815,0.0455
43,28,-62.26,0.6814,0.0186
43,11,-57.96,0.6815,0.0455
43,3,-60.48,0.6815,0.0186
43,19,-59.70,0.6813,0.0186
43,20,-58.94,0.6815,0.0455
43,49,-58.68,0.6815,0.0455
43,46,-57.69,0.6816,0.0455
43,6,-57.86,0.6816,0.0456
43,24,-59.04,0.6816,0.0455
43,10,-63.08,0.7001,0.0000
43,43,-64.05,0.7001,0.0000
43,47,-59.95,0.6816,0.0186
43,9,-63.60,0.7000,0.0000
43,50,-59.72,0.6817,0.0457
43,15,-57.85,0.6817,0.0456
43,36,-64.86,0.7001,0.0000
43,26,-63.15,0.7002,0.0000
43,12,-65.56,0.7001,0.0000
43,29,-60.99,0.6816,0.0186
43,30,-58.93,0.6818,0.0458
43,42,-60.05,0.6819,0.0457
43,7,-65.29,0.7003,0.0000
43,2,-57.97,0.6819,0.0455
43,17,-58.84,0.6820,0.0456
43,33,-58.22,0.6818,0.0185
43,39,-58.88,0.6822,0.0456
43,23,-58.25,0.6822,0.0455
43,40,-58.85,0.6823,0.0186
43,27,-64.78,0.6831,0.0177
43,41,-62.85,0.7008,0.0000
43,13,-57.68,0.6827,0.0500
44,48,-55.17,0.6814,0.0464
44,25,-54.84,0.6815,0.0180
44,45,-56.29,0.6817,0.0466
44,38,-54.62,0.6820,0.0179
44,16,-56.05,0.6822,0.0463
44,34,-56.20,0.6820,0.0467
44,44,-56.77,0.6830,0.0487
44,5,-54.61,0.6822,0.0180
44,31,-54.64,0.6823,0.0180
44,32,-57.51,0.6823,0.0463
44,4,-56.07,0.6824,0.0463
44,14,-55.91,0.6824,0.0463
44,21,-57.21,0.6823,0.0492
44,22,-55.59,0.6823,0.0494
44,8,-55.96,0.6825,0.0463
44,18,-55.81,0.6823,0.0179
44,35,-57.41,0.6825,0.0463
44,37,-55.37,0.6823,0.0467
44,1,-56.05,0.6826,0.0463
44,28,-58.64,0.6825,0.0462
44,11,-56.09,0.6826,0.0463
44,3,-58.04,0.6826,0.0462
44,19,-55.53,0.6825,0.0494
44,20,-57.51,0.6826,0.0463
44,49,-57.35,0.6826,0.0463
44,46,-55.95,0.6827,0.0463
44,6,-55.03,0.6824,0.0466
44,24,-57.65,0.6827,0.0462
44,10,-58.42,0.6827,0.0175
44,43,-58.53,0.6827,0.0175
44,47,-57.90,0.6827,0.0462
44,9,-55.34,0.6826,0.0195
44,50,-55.32,0.6825,0.0467
44,15,-55.02,0.6825,0.0466
44,36,-57.17,0.6827,0.0194
44,26,-58.31,0.6827,0.0175
44,12,-56.57,0.6827,0.0194
44,29,-58.60,0.6827,0.0175
44,30,-52.89,0.6827,0.0180
44,42,-54.29,0.6828,0.0179
44,7,-57.17,0.6829,0.0175
44,2,-56.20,0.6830,0.0463
44,17,-56.59,0.6828,0.0467
44,33,-58.81,0.6835,0.0490
44,39,-55.74,0.6830,0.0467
44,23,-57.54,0.6833,0.0463
44,40,-58.06,0.6834,0.0176
44,27,-58.00,0.6834,0.0175
44,41,-55.43,0.6834,0.0175
44,13,-53.06,0.6835,0.0180
45,48,-54.30,0.6813,0.0468
45,25,-53.11,0.6817,0.0188
45,45,-52.46,0.6819,0.0468
45,38,-52.41,0.6821,0.0469
45,16,-55.73,0.6821,0.0467
45,34,-51.82,0.6822,0.0468
45,44,-55.29,0.6820,0.0017
45,5,-48.46,0.6824,0.0011
45,31,-48.36,0.6825,0.0011
45,32,-56.17,0.6822,0.0467
45,4,-54.91,0.6823,0.0467
45,14,-53.69,0.6823,0.0467
45,21,-58.04,0.6823,0.0465
45,22,-57.03,0.6822,0.0464
45,8,-53.80,0.6824,0.0467
45,18,-52.72,0.6825,0.0468
45,35,-55.56,0.6824,0.0467
45,37,-51.73,0.6825,0.0468
45,1,-53.87,0.6825,0.0467
45,28,-58.16,0.6824,0.0466
45,11,-54.15,0.6825,0.0467
45,3,-57.92,0.6825,0.0466
45,19,-56.48,0.6824,0.0017
45,20,-55.65,0.6825,0.0466
45,49,-55.55,0.6825,0.0467
45,46,-53.77,0.6826,0.0467
45,6,-52.65,0.6826,0.0467
45,24,-55.70,0.6826,0.0466
45,10,-58.34,0.6826,0.0466
45,43,-57.96,0.6826,0.0465
45,47,-57.27,0.6826,0.0466
45,9,-57.64,0.6825,0.0464
45,50,-52.37,0.6827,0.0468
45,15,-52.47,0.6827,0.0467
45,36,-57.67,0.6826,0.0465
45,26,-58.34,0.6826,0.0466
45,12,-58.13,0.6826,0.0465
45,29,-58.30,0.6826,0.0466
45,30,-49.63,0.6828,0.0011
45,42,-52.06,0.6829,0.0469
45,7,-57.64,0.6828,0.0465
45,2,-54.28,0.6829,0.0467
45,17,-52.18,0.6830,0.0468
45,33,-54.29,0.6828,0.0017
45,39,-51.84,0.6831,0.0468
45,23,-54.60,0.6832,0.0467
45,40,-55.45,0.6833,0.0466
45,27,-57.75,0.6833,0.0465
45,41,-58.08,0.6833,0.0464
45,13,-48.08,0.6837,0.0470
46,48,-57.92,0.6807,0.0208
46,25,-57.38,0.6811,0.0509
46,45,-56.96,0.6813,0.0207
46,38,-56.27,0.6816,0.0511
46,16,-58.11,0.6815,0.0515
46,34,-55.75,0.6816,0.0513
46,44,-57.86,0.6814,0.0024
46,5,-59.35,0.6824,0.0501
46,31,-59.51,0.6824,0.0501
46,32,-57.80,0.6817,0.0208
46,4,-57.53,0.6817,0.0514
46,14,-57.33,0.6818,0.0207
46,21,-58.31,0.6817,0.0210
46,22,-57.58,0.6817,0.0212
46,8,-57.41,0.6819,0.0207
46,18,-55.99,0.6819,0.0169
46,35,-57.43,0.6818,0.0515
46,37,-56.38,0.6819,0.0169
46,1,-57.51,0.6819,0.0207
46,28,-57.98,0.6819,0.0209
46,11,-57.67,0.6819,0.0207
46,3,-57.82,0.6819,0.0208
46,19,-58.13,0.6818,0.0024
46,20,-57.45,0.6820,0.0515
46,49,-57.23,0.6820,0.0515
46,46,-57.00,0.6820,0.0207
46,6,-56.81,0.6821,0.0513
46,24,-57.37,0.6820,0.0515
46,10,-58.18,0.6820,0.0209
46,43,-58.41,0.6820,0.0209
46,47,-57.82,0.6820,0.0208
46,9,-58.12,0.6820,0.0211
46,50,-56.36,0.6822,0.0169
46,15,-56.73,0.6821,0.0513
46,36,-58.49,0.6820,0.0210
46,26,-58.18,0.6820,0.0209
46,12,-57.93,0.6820,0.0210
46,29,-57.91,0.6821,0.0208
46,30,-58.32,0.6823,0.0508
46,42,-57.05,0.6824,0.0509
46,7,-58.52,0.6822,0.0210
46,2,-57.48,0.6823,0.0207
46,17,-56.07,0.6825,0.0169
46,33,-56.35,0.6823,0.0450
46,39,-56.18,0.6826,0.0510
46,23,-57.58,0.6827,0.0513
46,40,-57.19,0.6827,0.0514
46,27,-58.83,0.6827,0.0209
46,41,-57.97,0.6827,0.0210
46,13,-58.83,0.6831,0.0506
47,48,-55.95,0.6821,0.0008
47,25,-59.66,0.6830,0.0476
47,45,-56.62,0.6827,0.0476
47,38,-59.54,0.6836,0.0467
47,16,-57.17,0.6829,0.0188
47,34,-52.15,0.6830,0.0475
47,44,-57.63,0.6835,0.0443
47,5,-60.42,0.6836,0.0478
47,31,-60.25,0.6837,0.0478
47,32,-56.63,0.6831,0.0477
47,4,-55.82,0.6831,0.0477
47,14,-57.47,0.6831,0.0476
47,21,-57.56,0.6831,0.0476
47,22,-58.97,0.6830,0.0475
47,8,-56.82,0.6832,0.0476
47,18,-58.47,0.6840,0.0467
47,35,-56.60,0.6832,0.0477
47,37,-63.56,0.6840,0.0467
47,1,-56.13,0.6833,0.0476
47,28,-56.28,0.6833,0.0477
47,11,-54.67,0.6833,0.0476
47,3,-56.48,0.6833,0.0477
47,19,-59.57,0.6839,0.0444
47,20,-56.43,0.6833,0.0477
47,49,-56.61,0.6834,0.0477
47,46,-55.57,0.6834,0.0476
47,6,-59.54,0.6834,0.0475
47,24,-56.34,0.6834,0.0477
47,10,-56.50,0.6834,0.0477
47,43,-58.01,0.6834,0.0477
47,47,-55.90,0.6834,0.0477
47,9,-58.01,0.6833,0.0476
47,50,-58.22,0.6842,0.0466
47,15,-59.34,0.6835,0.0475
47,36,-57.22,0.6834,0.0476
47,26,-56.49,0.6834,0.0477
47,12,-57.76,0.6834,0.0476
47,29,-56.35,0.6835,0.0477
47,30,-61.77,0.6841,0.0476
47,42,-61.45,0.6843,0.0466
47,7,-56.62,0.6836,0.0476
47,2,-56.78,0.6837,0.0476
47,17,-55.59,0.6838,0.0473
47,33,-55.72,0.6843,0.0467
47,39,-62.18,0.6847,0.0466
47,23,-55.89,0.6840,0.0476
47,40,-54.58,0.6841,0.0477
47,27,-56.29,0.6841,0.0478
47,41,-58.94,0.6841,0.0451
47,13,-59.86,0.6850,0.0492
48,48,-58.12,0.6814,0.0175
48,25,-57.72,0.6823,0.0200
48,45,-57.75,0.6819,0.0516
48,38,-58.21,0.6830,0.0505
48,16,-57.74,0.6821,0.0175
48,34,-57.29,0.6822,0.0515
48,44,-60.02,0.6821,0.0499
48,5,-58.33,0.6829,0.0199
48,31,-58.29,0.6830,0.0199
48,32,-57.71,0.6823,0.0517
48,4,-57.46,0.6823,0.0517
48,14,-57.38,0.6824,0.0516
48,21,-59.35,0.6823,0.0496
48,22,-58.48,0.6823,0.0498
48,8,-57.34,0.6825,0.0516
48,18,-57.53,0.6833,0.0505
48,35,-57.54,0.6824,0.0517
48,37,-57.60,0.6825,0.0208
48,1,-57.34,0.6825,0.0516
48,28,-58.43,0.6825,0.0464
48,11,-57.40,0.6825,0.0516
48,3,-57.88,0.6825,0.0465
48,19,-58.63,0.6824,0.0498
48,20,-57.50,0.6826,0.0517
48,49,-57.42,0.6826,0.0517
48,46,-57.17,0.6826,0.0516
48,6,-57.33,0.6827,0.0515
48,24,-57.32,0.6826,0.0517
48,10,-58.71,0.6826,0.0464
48,43,-59.31,0.6826,0.0464
48,47,-57.52,0.6826,0.0517
48,9,-59.62,0.6826,0.0497
48,50,-57.22,0.6834,0.0201
48,15,-57.23,0.6827,0.0515
48,36,-59.73,0.6826,0.0464
48,26,-58.73,0.6826,0.0464
48,12,-60.13,0.6826,0.0463
48,29,-57.72,0.6827,0.0518
48,30,-57.79,0.6834,0.0200
48,42,-56.88,0.6836,0.0200
48,7,-59.99,0.6828,0.0464
48,2,-57.20,0.6829,0.0516
48,17,-56.89,0.6839,0.0199
48,33,-60.05,0.6837,0.0492
48,39,-56.87,0.6839,0.0200
48,23,-57.28,0.6833,0.0515
48,40,-57.10,0.6833,0.0516
48,27,-59.25,0.6833,0.0518
48,41,-60.82,0.6833,0.0463
48,13,-57.56,0.6842,0.0199
49,48,-58.06,0.6813,0.0489
49,25,-58.62,0.6818,0.0483
49,45,-60.04,0.6819,0.0488
49,38,-58.46,0.6823,0.0484
49,16,-57.82,0.6821,0.0489
49,34,-60.62,0.6828,0.0481
49,44,-56.57,0.6820,0.0494
49,5,-59.23,0.6825,0.0484
49,31,-59.11,0.6826,0.0484
49,32,-57.99,0.6823,0.0489
49,4,-58.31,0.6823,0.0489
49,14,-59.28,0.6823,0.0488
49,21,-57.90,0.6823,0.0491
49,22,-55.65,0.6822,0.0493
49,8,-59.11,0.6824,0.0488
49,18,-60.51,0.6826,0.0484
49,35,-58.03,0.6824,0.0489
49,37,-60.72,0.6826,0.0485
49,1,-59.05,0.6825,0.0488
49,28,-58.23,0.6824,0.0490
49,11,-58.66,0.6825,0.0488
49,3,-57.28,0.6825,0.0489
49,19,-55.78,0.6824,0.0493
49,20,-58.08,0.6825,0.0489
49,49,-58.06,0.6825,0.0489
49,46,-59.47,0.6826,0.0488
49,6,-59.77,0.6826,0.0487
49,24,-58.10,0.6826,0.0489
49,10,-57.94,0.6826,0.0490
49,43,-58.54,0.6826,0.0490
49,47,-58.10,0.6826,0.0489
49,9,-56.10,0.6825,0.0492
49,50,-58.63,0.6829,0.0484
49,15,-59.88,0.6827,0.0487
49,36,-58.35,0.6826,0.0491
49,26,-57.92,0.6826,0.0490
49,12,-58.09,0.6826,0.0491
49,29,-57.13,0.6826,0.0489
49,30,-61.05,0.6830,0.0483
49,42,-59.26,0.6831,0.0482
49,7,-58.23,0.6828,0.0491
49,2,-59.13,0.6829,0.0488
49,17,-61.39,0.6832,0.0484
49,33,-56.89,0.6829,0.0494
49,39,-59.81,0.6833,0.0484
49,23,-58.93,0.6832,0.0488
49,40,-58.62,0.6833,0.0488
49,27,-58.03,0.6833,0.0490
49,41,-56.96,0.6833,0.0491
49,13,-57.38,0.6838,0.0482
50,48,-57.52,0.6813,0.0486
50,25,-57.68,0.6809,0.0479
50,45,-60.51,0.6821,0.0483
50,38,-60.25,0.6814,0.0517
50,16,-57.92,0.6821,0.0485
50,34,-61.19,0.6824,0.0508
50,44,-59.51,0.6822,0.0481
50,5,-56.11,0.6816,0.0476
50,31,-56.13,0.6817,0.0476
50,32,-57.93,0.6823,0.0484
50,4,-59.14,0.6823,0.0485
50,14,-59.60,0.6826,0.0483
50,21,-54.97,0.6824,0.0482
50,22,-58.95,0.6824,0.0480
50,8,-59.61,0.6827,0.0509
50,18,-60.53,0.6817,0.0494
50,35,-58.41,0.6824,0.0484
50,37,-60.83,0.6827,0.0508
50,1,-59.67,0.6827,0.0509
50,28,-56.52,0.6825,0.0483
50,11,-59.68,0.6827,0.0509
50,3,-57.70,0.6825,0.0484
50,19,-57.99,0.6826,0.0479
50,20,-58.63,0.6825,0.0484
50,49,-58.96,0.6826,0.0484
50,46,-59.55,0.6828,0.0509
50,6,-60.17,0.6829,0.0508
50,24,-58.75,0.6826,0.0484
50,10,-56.45,0.6827,0.0483
50,43,-55.19,0.6827,0.0483
50,47,-58.51,0.6826,0.0484
50,9,-57.38,0.6827,0.0481
50,15,-59.96,0.6829,0.0508
50,50,-60.02,0.6820,0.0494
50,36,-55.40,0.6827,0.0482
50,12,-55.20,0.6827,0.0514
50,26,-56.46,0.6827,0.0483
50,29,-57.49,0.6827,0.0484
50,30,-56.02,0.6821,0.0496
50,42,-56.65,0.6822,0.0495
50,7,-54.96,0.6829,0.0482
50,2,-60.01,0.6831,0.0509
50,17,-59.74,0.6833,0.0483
50,33,-62.84,0.6831,0.0481
50,39,-59.01,0.6834,0.0484
50,23,-59.99,0.6835,0.0509
50,40,-59.92,0.6835,0.0509
50,27,-56.64,0.6833,0.0482
50,41,-54.97,0.6834,0.0477
50,13,-56.61,0.6829,0.0495
